order_id,customer_id,product_id,order_date,quantity,unit_price,discount,sales_channel
O00001,C0153,P016,2025-07-11,3,159.2,0.0558,Partner
O00002,C0294,P005,2025-07-25,1,497.27,0.0667,Direct
O00003,C0163,P017,2025-07-02,5,298.6,0.0044,Web
O00004,C0112,P020,2025-07-04,2,318.4,0.0856,Web
O00005,C0198,P016,2025-07-12,5,147.96,0.0961,Web
O00006,C0015,P019,2025-07-20,1,425.58,0.0005,Web
O00007,C0286,P011,2025-07-22,4,64.24,0.0482,Web
O00008,C0269,P013,2025-07-08,2,135.5,0.0418,Partner
O00009,C0234,P018,2025-07-04,2,72.98,0.0476,Partner
O00010,C0083,P011,2025-07-06,5,65.64,0.041,Partner
O00011,C0135,P015,2025-07-25,5,102.83,0.0356,Direct
O00012,C0123,P011,2025-07-18,1,88.82,0.0841,Web
O00013,C0221,P012,2025-07-11,2,191.15,0.0596,Web
O00014,C0041,P003,2025-07-03,1,1449.26,0.0021,Direct
O00015,C0091,P010,2025-07-28,4,382.65,0.0504,Partner
O00016,C0288,P020,2025-07-17,3,279.22,0.1076,Partner
O00017,C0116,P005,2025-07-31,2,655.84,0.0635,Direct
O00018,C0223,P005,2025-07-21,4,538.55,0.029,Direct
O00019,C0090,P007,2025-07-02,1,674.32,0.034,Web
O00020,C0169,P006,2025-07-25,3,719.55,0.0572,Partner
O00021,C0285,P020,2025-07-09,4,332.38,0.1083,Direct
O00022,C0237,P010,2025-07-18,1,350.16,0.0784,Web
O00023,C0096,P020,2025-07-30,3,294.1,0.0043,Partner
O00024,C0288,P015,2025-07-02,2,80.71,0.0079,Web
O00025,C0296,P010,2025-07-27,3,378.52,0.0061,Web
O00026,C0034,P013,2025-07-02,4,129.25,0.0248,Direct
O00027,C0294,P007,2025-07-09,2,582.86,0.0002,Direct
O00028,C0034,P009,2025-07-01,1,201.26,0.0587,Partner
O00029,C0009,P007,2025-07-17,3,655.59,0.1009,Direct
O00030,C0079,P005,2025-07-08,3,573.27,0.082,Web
O00031,C0101,P005,2025-07-16,2,659.94,0.0058,Partner
O00032,C0139,P018,2025-07-05,1,60.16,0.0166,Partner
O00033,C0007,P019,2025-07-05,1,340.69,0.0038,Web
O00034,C0034,P015,2025-07-08,3,90.2,0.0708,Direct
O00035,C0207,P017,2025-07-15,1,301.37,0.0743,Direct
O00036,C0049,P018,2025-07-27,5,65.04,0.1103,Partner
O00037,C0168,P010,2025-07-23,4,468.96,0.0434,Partner
O00038,C0244,P003,2025-07-25,3,1663.14,0.026,Web
O00039,C0155,P009,2025-07-23,2,172.49,0.0036,Direct
O00040,C0104,P008,2025-07-06,4,661.4,0.085,Web
O00041,C0091,P015,2025-07-08,2,99.63,0.0713,Partner
O00042,C0038,P016,2025-07-22,4,122.09,0.0609,Web
O00043,C0037,P020,2025-07-18,1,252.35,0.1192,Web
O00044,C0176,P008,2025-07-28,3,693.23,0.0643,Web
O00045,C0050,P013,2025-07-05,2,103.08,0.0713,Web
O00046,C0089,P007,2025-07-26,5,503.23,0.0715,Direct
O00047,C0047,P005,2025-07-06,5,529.75,0.0733,Partner
O00048,C0167,P011,2025-07-22,4,81.92,0.068,Direct
O00049,C0081,P016,2025-07-30,5,133.34,0.0617,Partner
O00050,C0004,P001,2025-07-17,2,1448.98,0.0113,Partner
O00051,C0232,P018,2025-07-12,2,75.16,0.0179,Direct
O00052,C0289,P006,2025-07-07,4,822.55,0.1095,Web
O00053,C0074,P005,2025-07-21,3,622.06,0.1054,Direct
O00054,C0114,P009,2025-07-23,1,216.18,0.094,Direct
O00055,C0285,P012,2025-07-27,1,190.52,0.1039,Direct
O00056,C0240,P011,2025-07-07,1,82.37,0.0028,Web
O00057,C0064,P020,2025-07-20,2,322.82,0.1065,Partner
O00058,C0119,P013,2025-07-19,2,124.52,0.0491,Web
O00059,C0004,P013,2025-07-11,5,119.94,0.0236,Direct
O00060,C0114,P008,2025-07-05,4,546.09,0.0821,Direct
O00061,C0015,P007,2025-07-15,5,548.28,0.0119,Web
O00062,C0227,P012,2025-07-09,2,151.24,0.0223,Partner
O00063,C0144,P011,2025-07-01,3,70.08,0.0054,Web
O00064,C0145,P002,2025-07-21,2,1040.92,0.0133,Partner
O00065,C0071,P006,2025-07-24,2,799.49,0.1052,Web
O00066,C0271,P003,2025-07-31,4,1852.09,0.0086,Partner
O00067,C0124,P003,2025-07-26,2,1637.48,0.0116,Partner
O00068,C0254,P015,2025-07-17,3,78.33,0.0304,Direct
O00069,C0137,P004,2025-07-23,5,1430.51,0.0882,Web
O00070,C0089,P017,2025-07-13,5,292.98,0.0927,Direct
O00071,C0013,P005,2025-07-23,5,504.16,0.1075,Direct
O00072,C0031,P008,2025-07-27,1,549.5,0.0496,Web
O00073,C0019,P009,2025-07-18,2,214.78,0.1022,Web
O00074,C0263,P015,2025-07-17,3,80.78,0.0294,Direct
O00075,C0089,P004,2025-07-11,5,1571.4,0.0933,Web
O00076,C0156,P006,2025-07-17,3,743.59,0.0521,Direct
O00077,C0109,P003,2025-07-26,1,1851.68,0.0578,Direct
O00078,C0286,P003,2025-07-18,2,1452.34,0.0304,Web
O00079,C0263,P001,2025-07-29,1,1702.55,0.0386,Direct
O00080,C0183,P002,2025-07-13,5,1053.57,0.0225,Direct
O00081,C0252,P020,2025-07-27,5,325.05,0.0563,Web
O00082,C0046,P017,2025-07-11,4,229.18,0.0411,Partner
O00083,C0018,P016,2025-07-26,4,148.48,0.0952,Direct
O00084,C0064,P005,2025-07-14,3,603.88,0.0003,Partner
O00085,C0166,P020,2025-07-25,2,256.91,0.055,Web
O00086,C0039,P009,2025-07-20,4,193.55,0.1106,Web
O00087,C0195,P007,2025-07-21,4,591.75,0.0792,Direct
O00088,C0180,P002,2025-07-30,4,987.83,0.0213,Direct
O00089,C0028,P014,2025-07-09,5,127.65,0.054,Partner
O00090,C0268,P015,2025-07-31,2,89.09,0.0792,Partner
O00091,C0052,P007,2025-07-13,5,572.81,0.0886,Direct
O00092,C0121,P018,2025-07-23,1,71.06,0.1089,Direct
O00093,C0100,P009,2025-07-15,4,190.17,0.049,Web
O00094,C0133,P006,2025-07-03,5,775.65,0.0787,Web
O00095,C0220,P014,2025-07-06,1,142.03,0.0237,Web
O00096,C0234,P019,2025-07-08,4,401.46,0.0155,Partner
O00097,C0262,P006,2025-07-29,1,681.63,0.081,Partner
O00098,C0274,P015,2025-07-17,5,94.09,0.1144,Web
O00099,C0175,P013,2025-07-23,2,126.32,0.0385,Partner
O00100,C0293,P011,2025-07-22,3,64.08,0.048,Direct
O00101,C0211,P018,2025-07-27,4,69.52,0.1123,Partner
O00102,C0257,P007,2025-07-17,5,597.49,0.0759,Web
O00103,C0244,P007,2025-07-10,2,681.99,0.1109,Partner
O00104,C0253,P019,2025-07-24,1,413.73,0.0915,Partner
O00105,C0032,P010,2025-07-20,3,368.78,0.0774,Direct
O00106,C0087,P007,2025-07-19,3,581.53,0.0263,Web
O00107,C0198,P017,2025-07-02,5,239.75,0.0009,Web
O00108,C0101,P010,2025-07-27,1,355.07,0.0929,Partner
O00109,C0182,P003,2025-07-30,2,1876.55,0.0231,Web
O00110,C0047,P001,2025-07-20,3,1710.55,0.1177,Direct
O00111,C0190,P002,2025-07-15,1,1143.51,0.0325,Partner
O00112,C0266,P005,2025-07-04,3,641.11,0.0212,Direct
O00113,C0047,P009,2025-07-25,3,200.77,0.0823,Direct
O00114,C0196,P001,2025-07-31,1,1503.04,0.0114,Partner
O00115,C0206,P015,2025-07-06,5,82.83,0.0553,Web
O00116,C0128,P005,2025-07-21,2,548.93,0.0945,Web
O00117,C0205,P017,2025-07-08,5,262.12,0.0386,Partner
O00118,C0225,P015,2025-07-16,1,99.72,0.0173,Partner
O00119,C0171,P018,2025-07-09,1,62.66,0.0641,Partner
O00120,C0021,P011,2025-07-01,2,74.57,0.093,Web
O00121,C0030,P001,2025-07-01,4,1655.85,0.0202,Direct
O00122,C0045,P002,2025-07-26,2,1056.02,0.0983,Partner
O00123,C0014,P002,2025-07-11,2,1125.12,0.0309,Direct
O00124,C0226,P005,2025-07-24,3,570.35,0.0441,Direct
O00125,C0124,P005,2025-07-24,2,625.52,0.0143,Direct
O00126,C0026,P007,2025-07-06,1,664.09,0.0478,Web
O00127,C0210,P020,2025-07-29,1,316.22,0.0538,Partner
O00128,C0118,P004,2025-07-31,5,1564.38,0.0231,Partner
O00129,C0186,P005,2025-07-01,4,536.56,0.0882,Direct
O00130,C0170,P015,2025-07-26,2,94.36,0.0032,Direct
O00131,C0160,P001,2025-07-09,4,1487.96,0.0312,Partner
O00132,C0126,P006,2025-07-26,1,749.63,0.0462,Partner
O00133,C0227,P006,2025-07-20,3,689.28,0.0677,Web
O00134,C0203,P017,2025-07-01,2,243.75,0.1073,Web
O00135,C0233,P013,2025-07-26,1,137.02,0.0564,Partner
O00136,C0143,P017,2025-07-02,3,244.01,0.0703,Partner
O00137,C0140,P004,2025-07-13,4,1258.84,0.0119,Web
O00138,C0063,P003,2025-07-06,3,1413.17,0.1032,Direct
O00139,C0055,P007,2025-07-11,2,510.65,0.0429,Direct
O00140,C0080,P019,2025-07-07,3,429.41,0.1116,Direct
O00141,C0210,P002,2025-07-13,1,908.81,0.0743,Partner
O00142,C0037,P004,2025-07-24,5,1539.78,0.0631,Partner
O00143,C0043,P020,2025-07-15,1,290.92,0.0389,Direct
O00144,C0285,P002,2025-07-25,5,927.93,0.1174,Direct
O00145,C0098,P010,2025-07-25,3,467.11,0.0457,Direct
O00146,C0120,P016,2025-07-04,3,128.85,0.0232,Direct
O00147,C0295,P003,2025-07-21,5,1657.02,0.043,Partner
O00148,C0123,P009,2025-07-20,5,229.27,0.1119,Direct
O00149,C0220,P008,2025-07-12,2,605.19,0.0682,Partner
O00150,C0139,P006,2025-07-18,2,690.74,0.0415,Direct
O00151,C0022,P008,2025-07-31,1,546.74,0.0868,Direct
O00152,C0117,P018,2025-07-18,4,76.88,0.0309,Web
O00153,C0158,P017,2025-07-31,5,278.36,0.0803,Partner
O00154,C0016,P014,2025-07-13,5,172.05,0.0695,Partner
O00155,C0294,P001,2025-07-03,1,1584.74,0.0675,Direct
O00156,C0008,P007,2025-07-27,1,598.8,0.0559,Partner
O00157,C0136,P001,2025-07-31,4,1410.49,0.1055,Direct
O00158,C0112,P018,2025-07-09,1,62.83,0.093,Direct
O00159,C0045,P010,2025-07-25,3,466.38,0.1156,Web
O00160,C0257,P018,2025-07-19,5,79.77,0.0449,Web
O00161,C0036,P003,2025-07-20,5,1599.33,0.0677,Direct
O00162,C0295,P015,2025-07-14,5,84.35,0.0501,Direct
O00163,C0039,P003,2025-07-22,4,1790.25,0.0341,Partner
O00164,C0092,P015,2025-07-01,1,88.77,0.0556,Partner
O00165,C0131,P014,2025-07-25,1,159.21,0.0452,Direct
O00166,C0186,P003,2025-07-15,3,1621.04,0.0257,Web
O00167,C0135,P003,2025-07-16,1,1525.51,0.0116,Direct
O00168,C0285,P004,2025-07-26,2,1611.49,0.0097,Direct
O00169,C0175,P014,2025-07-05,5,157.5,0.0515,Partner
O00170,C0130,P008,2025-07-17,2,716.44,0.115,Web
O00171,C0199,P001,2025-07-13,4,1396.06,0.1084,Web
O00172,C0014,P007,2025-07-26,4,523.08,0.0072,Partner
O00173,C0002,P017,2025-07-28,1,272.75,0.1099,Partner
O00174,C0171,P015,2025-07-14,4,75.33,0.1163,Direct
O00175,C0087,P007,2025-07-07,1,556.76,0.1157,Partner
O00176,C0029,P014,2025-07-22,1,167.33,0.1171,Partner
O00177,C0186,P017,2025-07-10,5,236.08,0.0955,Direct
O00178,C0164,P008,2025-07-28,5,711.98,0.0846,Direct
O00179,C0230,P010,2025-07-07,3,388.44,0.0434,Direct
O00180,C0118,P003,2025-07-03,4,1759.22,0.0535,Web
O00181,C0059,P019,2025-07-27,4,321.28,0.0189,Partner
O00182,C0062,P006,2025-07-07,5,738.5,0.1123,Partner
O00183,C0262,P020,2025-07-29,2,255.61,0.0184,Web
O00184,C0019,P003,2025-07-18,1,1830.34,0.0645,Web
O00185,C0199,P013,2025-07-21,2,133.39,0.0741,Partner
O00186,C0260,P013,2025-07-11,1,104.7,0.0271,Partner
O00187,C0123,P009,2025-07-04,5,192.57,0.0925,Direct
O00188,C0163,P009,2025-07-10,4,210.96,0.0807,Web
O00189,C0049,P009,2025-07-23,2,215.56,0.0203,Partner
O00190,C0282,P016,2025-07-04,5,136.92,0.0623,Web
O00191,C0010,P011,2025-07-16,3,88.75,0.0584,Partner
O00192,C0144,P019,2025-07-03,5,391.97,0.0274,Direct
O00193,C0216,P013,2025-07-16,1,140.7,0.0563,Direct
O00194,C0270,P006,2025-07-02,4,813.54,0.0778,Direct
O00195,C0225,P016,2025-07-24,3,143.33,0.1027,Partner
O00196,C0190,P007,2025-07-21,3,633.86,0.1153,Direct
O00197,C0212,P008,2025-07-02,3,679.23,0.0607,Direct
O00198,C0221,P010,2025-07-07,3,436.74,0.0157,Direct
O00199,C0117,P004,2025-07-23,4,1506.13,0.1074,Direct
O00200,C0082,P012,2025-07-30,1,148.57,0.0237,Web
O00201,C0119,P006,2025-07-06,3,828.39,0.0913,Web
O00202,C0213,P017,2025-07-12,4,267.67,0.0177,Web
O00203,C0117,P006,2025-07-26,2,643.37,0.066,Web
O00204,C0212,P003,2025-07-15,3,1760.48,0.0898,Web
O00205,C0033,P017,2025-07-11,3,298.42,0.0289,Web
O00206,C0109,P004,2025-07-15,2,1341.38,0.0289,Web
O00207,C0273,P016,2025-07-01,2,126.65,0.0157,Web
O00208,C0132,P015,2025-07-12,5,80.41,0.0916,Web
O00209,C0018,P019,2025-07-20,3,398.31,0.1041,Direct
O00210,C0300,P010,2025-07-28,3,458.73,0.095,Direct
O00211,C0108,P010,2025-07-15,1,338.58,0.0573,Partner
O00212,C0149,P010,2025-07-18,3,410.76,0.1004,Direct
O00213,C0297,P003,2025-07-24,2,1766.27,0.1017,Partner
O00214,C0299,P014,2025-07-28,1,141.42,0.0482,Partner
O00215,C0225,P006,2025-07-31,4,842.09,0.0414,Partner
O00216,C0168,P013,2025-07-06,2,108.93,0.007,Web
O00217,C0189,P019,2025-07-21,3,422.53,0.0818,Partner
O00218,C0058,P015,2025-07-26,2,81.25,0.1096,Web
O00219,C0231,P003,2025-07-30,4,1777.78,0.0282,Web
O00220,C0083,P007,2025-07-09,3,585.52,0.0519,Partner
O00221,C0210,P006,2025-07-23,4,801.21,0.0454,Partner
O00222,C0251,P017,2025-07-01,4,276.01,0.1193,Web
O00223,C0265,P001,2025-07-24,2,1504.26,0.0972,Web
O00224,C0027,P003,2025-07-24,2,1540.21,0.0227,Direct
O00225,C0052,P004,2025-07-17,3,1381.9,0.1034,Direct
O00226,C0193,P015,2025-07-31,1,85.58,0.0484,Partner
O00227,C0073,P019,2025-07-31,2,409.31,0.0905,Web
O00228,C0030,P009,2025-07-07,1,179.67,0.0557,Direct
O00229,C0072,P006,2025-07-20,4,834.45,0.0963,Web
O00230,C0080,P013,2025-07-08,1,106.5,0.1133,Web
O00231,C0155,P009,2025-07-08,2,223.91,0.0479,Partner
O00232,C0011,P002,2025-07-20,4,1140.79,0.0253,Web
O00233,C0118,P019,2025-07-17,5,424.34,0.0273,Direct
O00234,C0016,P018,2025-07-10,3,73.65,0.0912,Partner
O00235,C0181,P003,2025-07-31,4,1844.31,0.0874,Web
O00236,C0133,P002,2025-07-17,1,1127.54,0.0985,Partner
O00237,C0049,P015,2025-07-10,2,76.94,0.0286,Direct
O00238,C0151,P014,2025-07-19,3,145.48,0.0944,Direct
O00239,C0289,P019,2025-07-08,2,410.16,0.0814,Partner
O00240,C0157,P016,2025-07-25,2,158.06,0.0866,Web
O00241,C0245,P019,2025-07-21,5,361.44,0.0766,Web
O00242,C0143,P002,2025-07-03,2,1012.04,0.1051,Partner
O00243,C0030,P006,2025-07-15,4,705.94,0.1176,Direct
O00244,C0266,P016,2025-07-24,2,129.57,0.0728,Web
O00245,C0089,P014,2025-07-29,5,126.85,0.0264,Partner
O00246,C0214,P007,2025-07-16,4,510.63,0.0418,Direct
O00247,C0246,P018,2025-07-27,1,68.4,0.1134,Partner
O00248,C0016,P008,2025-07-08,3,690.41,0.0895,Partner
O00249,C0221,P018,2025-07-25,2,71.58,0.0935,Web
O00250,C0074,P016,2025-07-01,3,157.97,0.0852,Web
O00251,C0033,P013,2025-07-04,4,122.52,0.0571,Direct
O00252,C0135,P002,2025-07-07,2,1177.33,0.0974,Direct
O00253,C0018,P007,2025-07-06,3,527.78,0.1167,Partner
O00254,C0271,P014,2025-07-11,5,134.12,0.0254,Partner
O00255,C0040,P002,2025-07-03,1,893.52,0.1188,Web
O00256,C0023,P001,2025-07-26,3,1534.82,0.0929,Web
O00257,C0012,P013,2025-07-30,5,126.84,0.0627,Direct
O00258,C0214,P009,2025-07-11,4,198.55,0.0204,Direct
O00259,C0127,P016,2025-07-25,2,121.2,0.0296,Partner
O00260,C0253,P014,2025-07-22,5,168.66,0.0093,Web
O00261,C0265,P016,2025-07-21,2,124.08,0.0827,Web
O00262,C0273,P003,2025-07-18,5,1496.38,0.0665,Web
O00263,C0086,P013,2025-07-11,4,126.24,0.0162,Direct
O00264,C0209,P013,2025-07-22,3,104.03,0.0536,Partner
O00265,C0016,P009,2025-07-26,1,182.14,0.0529,Direct
O00266,C0223,P016,2025-07-26,5,139.12,0.0913,Web
O00267,C0289,P010,2025-07-29,3,419.85,0.1114,Direct
O00268,C0148,P020,2025-07-19,4,324.64,0.0086,Direct
O00269,C0123,P011,2025-07-18,3,86.89,0.0592,Partner
O00270,C0141,P020,2025-07-14,3,268.83,0.026,Partner
O00271,C0044,P002,2025-07-17,1,1018.84,0.0923,Direct
O00272,C0221,P015,2025-07-18,2,78.01,0.1129,Web
O00273,C0291,P004,2025-07-10,4,1310.85,0.077,Direct
O00274,C0124,P006,2025-07-08,1,834.01,0.06,Partner
O00275,C0047,P016,2025-07-23,5,159.81,0.0269,Direct
O00276,C0087,P007,2025-07-09,4,616.0,0.1192,Web
O00277,C0003,P020,2025-07-13,3,314.77,0.1032,Web
O00278,C0280,P007,2025-07-17,2,666.03,0.0364,Web
O00279,C0282,P009,2025-07-19,5,233.17,0.1087,Web
O00280,C0240,P020,2025-07-10,1,305.57,0.0673,Web
O00281,C0053,P011,2025-07-26,4,73.86,0.0899,Direct
O00282,C0101,P009,2025-07-04,3,179.89,0.1021,Web
O00283,C0296,P009,2025-07-06,2,218.07,0.0665,Web
O00284,C0007,P020,2025-07-06,1,316.46,0.033,Web
O00285,C0207,P002,2025-07-01,1,1070.88,0.0026,Web
O00286,C0255,P003,2025-07-19,3,1579.44,0.0531,Web
O00287,C0115,P002,2025-07-17,5,1179.07,0.0013,Direct
O00288,C0054,P012,2025-07-18,2,148.32,0.0243,Partner
O00289,C0243,P014,2025-07-28,4,155.75,0.1144,Web
O00290,C0149,P012,2025-07-15,5,160.06,0.0269,Web
O00291,C0221,P001,2025-07-11,2,1600.18,0.0022,Web
O00292,C0132,P011,2025-07-19,2,83.21,0.0973,Direct
O00293,C0067,P015,2025-07-22,1,87.44,0.0724,Web
O00294,C0074,P004,2025-07-07,5,1370.52,0.0497,Web
O00295,C0025,P004,2025-07-19,5,1588.88,0.0242,Web
O00296,C0279,P011,2025-07-29,2,87.66,0.0014,Web
O00297,C0262,P016,2025-07-06,5,155.56,0.1165,Partner
O00298,C0166,P016,2025-07-27,1,142.22,0.0738,Web
O00299,C0145,P009,2025-07-22,3,177.54,0.0888,Direct
O00300,C0023,P015,2025-07-27,1,87.36,0.0612,Partner
O00301,C0164,P007,2025-07-31,5,646.11,0.0443,Partner
O00302,C0053,P008,2025-07-15,4,705.98,0.0881,Web
O00303,C0030,P005,2025-07-25,5,553.71,0.1022,Partner
O00304,C0073,P012,2025-07-29,3,154.36,0.0832,Direct
O00305,C0194,P020,2025-07-27,1,259.55,0.0809,Direct
O00306,C0102,P007,2025-07-15,3,650.23,0.0342,Web
O00307,C0154,P007,2025-07-02,5,603.53,0.1011,Web
O00308,C0134,P017,2025-07-21,2,235.09,0.1062,Partner
O00309,C0207,P010,2025-07-05,1,357.0,0.0825,Web
O00310,C0015,P011,2025-07-05,3,74.69,0.0497,Web
O00311,C0163,P011,2025-07-10,2,64.3,0.0737,Web
O00312,C0113,P007,2025-07-04,4,502.35,0.0298,Direct
O00313,C0101,P010,2025-07-27,2,445.5,0.0453,Web
O00314,C0160,P005,2025-07-01,1,580.05,0.0414,Direct
O00315,C0257,P009,2025-07-11,1,219.64,0.1131,Partner
O00316,C0007,P020,2025-07-24,2,279.25,0.0945,Direct
O00317,C0151,P013,2025-07-12,5,140.68,0.0051,Web
O00318,C0134,P020,2025-07-05,3,284.41,0.1185,Direct
O00319,C0058,P001,2025-07-01,3,1665.58,0.0389,Web
O00320,C0144,P004,2025-07-15,2,1220.26,0.0062,Partner
O00321,C0218,P019,2025-07-17,2,380.71,0.0109,Partner
O00322,C0128,P001,2025-07-16,4,1729.6,0.0311,Partner
O00323,C0265,P011,2025-07-13,5,74.87,0.0335,Partner
O00324,C0257,P018,2025-07-17,2,82.1,0.0224,Direct
O00325,C0213,P007,2025-07-23,1,577.9,0.024,Web
O00326,C0205,P010,2025-07-21,3,371.91,0.0426,Web
O00327,C0121,P007,2025-07-04,4,592.83,0.0434,Web
O00328,C0256,P002,2025-07-07,2,1181.51,0.0411,Direct
O00329,C0223,P001,2025-07-22,3,1307.46,0.0286,Direct
O00330,C0225,P007,2025-07-26,2,686.83,0.0728,Web
O00331,C0046,P015,2025-07-17,4,102.65,0.041,Direct
O00332,C0049,P003,2025-07-17,5,1436.35,0.0736,Direct
O00333,C0105,P001,2025-07-30,5,1377.53,0.0047,Web
O00334,C0033,P016,2025-07-09,2,115.69,0.0335,Web
O00335,C0082,P004,2025-07-11,2,1338.18,0.0407,Partner
O00336,C0099,P007,2025-07-01,4,539.99,0.0908,Web
O00337,C0180,P020,2025-07-29,5,301.25,0.0638,Direct
O00338,C0095,P001,2025-07-24,1,1666.38,0.1075,Partner
O00339,C0051,P009,2025-07-03,4,221.21,0.037,Web
O00340,C0279,P010,2025-07-31,5,440.09,0.0112,Web
O00341,C0083,P014,2025-07-25,1,164.33,0.0959,Web
O00342,C0181,P011,2025-07-04,2,70.49,0.0497,Partner
O00343,C0256,P001,2025-07-27,3,1377.85,0.0471,Direct
O00344,C0128,P001,2025-07-09,1,1691.03,0.0511,Partner
O00345,C0228,P007,2025-07-12,3,583.08,0.0309,Partner
O00346,C0151,P001,2025-07-11,4,1527.62,0.0496,Web
O00347,C0145,P017,2025-07-16,2,311.83,0.0942,Partner
O00348,C0291,P012,2025-07-05,1,169.39,0.0204,Partner
O00349,C0069,P017,2025-07-30,3,248.35,0.1116,Web
O00350,C0035,P008,2025-07-23,2,524.76,0.0717,Direct
O00351,C0055,P017,2025-07-03,1,270.71,0.031,Web
O00352,C0199,P008,2025-07-30,2,696.17,0.0223,Web
O00353,C0079,P007,2025-07-15,3,643.1,0.0531,Web
O00354,C0047,P015,2025-07-31,4,86.86,0.1047,Web
O00355,C0078,P010,2025-07-19,5,348.26,0.0137,Partner
O00356,C0279,P014,2025-07-10,2,143.47,0.0543,Partner
O00357,C0222,P009,2025-07-15,1,227.37,0.0304,Web
O00358,C0212,P013,2025-07-02,3,127.46,0.0407,Web
O00359,C0177,P014,2025-07-13,1,173.36,0.0898,Direct
O00360,C0263,P010,2025-07-10,5,386.02,0.0645,Web
O00361,C0141,P006,2025-07-21,1,702.53,0.0305,Partner
O00362,C0116,P004,2025-07-09,4,1450.33,0.0466,Web
O00363,C0074,P007,2025-07-09,3,653.85,0.0455,Partner
O00364,C0177,P006,2025-07-17,2,834.99,0.0952,Partner
O00365,C0106,P002,2025-07-25,3,1111.4,0.1184,Partner
O00366,C0138,P001,2025-07-18,3,1308.76,0.0902,Web
O00367,C0009,P011,2025-07-29,4,85.56,0.0755,Web
O00368,C0184,P009,2025-07-27,3,225.41,0.0044,Partner
O00369,C0030,P012,2025-07-16,2,188.08,0.0778,Partner
O00370,C0127,P001,2025-07-11,5,1596.38,0.0245,Web
O00371,C0208,P002,2025-07-09,5,1134.3,0.024,Direct
O00372,C0088,P004,2025-07-22,1,1442.71,0.0369,Partner
O00373,C0182,P006,2025-07-28,1,790.59,0.0052,Partner
O00374,C0002,P020,2025-07-30,5,326.55,0.0566,Partner
O00375,C0073,P010,2025-07-18,3,380.14,0.0626,Partner
O00376,C0130,P006,2025-07-28,4,855.86,0.0094,Direct
O00377,C0118,P008,2025-07-09,1,584.9,0.0345,Web
O00378,C0053,P003,2025-07-16,5,1833.98,0.0039,Partner
O00379,C0286,P002,2025-07-13,3,896.63,0.0315,Web
O00380,C0296,P007,2025-07-07,1,614.24,0.0598,Web
O00381,C0250,P012,2025-07-23,2,186.2,0.0166,Web
O00382,C0129,P002,2025-07-27,2,997.16,0.0681,Partner
O00383,C0197,P002,2025-07-30,1,892.76,0.0873,Web
O00384,C0087,P001,2025-07-03,1,1675.49,0.1003,Partner
O00385,C0023,P002,2025-07-23,1,888.3,0.1024,Web
O00386,C0071,P010,2025-07-14,4,443.51,0.0587,Direct
O00387,C0009,P011,2025-07-30,5,67.3,0.0997,Partner
O00388,C0016,P006,2025-07-28,1,775.1,0.0822,Direct
O00389,C0229,P006,2025-07-09,3,701.97,0.0626,Partner
O00390,C0139,P009,2025-07-10,4,184.05,0.0438,Web
O00391,C0013,P003,2025-07-15,5,1663.88,0.0161,Partner
O00392,C0209,P020,2025-07-08,1,265.79,0.001,Partner
O00393,C0035,P001,2025-07-11,4,1737.6,0.0054,Web
O00394,C0225,P003,2025-07-19,5,1746.46,0.0431,Web
O00395,C0169,P001,2025-07-13,3,1739.62,0.0309,Web
O00396,C0057,P011,2025-07-18,2,78.63,0.0951,Web
O00397,C0208,P016,2025-07-17,5,150.99,0.0297,Direct
O00398,C0167,P015,2025-07-11,5,100.86,0.0818,Web
O00399,C0273,P020,2025-07-11,3,304.58,0.0585,Direct
O00400,C0033,P008,2025-07-17,5,526.5,0.1118,Web
O00401,C0229,P003,2025-07-05,1,1751.42,0.0116,Web
O00402,C0271,P019,2025-07-03,1,404.5,0.0758,Partner
O00403,C0079,P016,2025-07-15,5,147.0,0.0703,Web
O00404,C0097,P019,2025-07-30,1,391.28,0.0797,Partner
O00405,C0124,P009,2025-07-01,4,234.01,0.0192,Partner
O00406,C0061,P014,2025-07-15,2,154.35,0.0059,Direct
O00407,C0145,P009,2025-07-20,3,206.41,0.0789,Partner
O00408,C0217,P004,2025-07-25,2,1449.31,0.0645,Direct
O00409,C0008,P013,2025-07-31,1,112.08,0.0633,Partner
O00410,C0262,P012,2025-07-03,2,173.07,0.0266,Partner
O00411,C0005,P015,2025-07-10,5,90.92,0.071,Partner
O00412,C0102,P015,2025-07-27,5,94.73,0.0624,Direct
O00413,C0080,P008,2025-07-05,1,542.01,0.0232,Web
O00414,C0113,P019,2025-07-16,2,346.59,0.0127,Partner
O00415,C0068,P007,2025-07-25,5,576.21,0.0927,Web
O00416,C0241,P012,2025-07-19,5,193.61,0.0483,Web
O00417,C0058,P002,2025-07-31,5,1175.81,0.0627,Partner
O00418,C0166,P013,2025-07-26,4,121.19,0.0041,Web
O00419,C0189,P014,2025-07-27,5,167.29,0.0333,Partner
O00420,C0016,P012,2025-07-30,4,169.72,0.0771,Partner
O00421,C0265,P010,2025-07-22,3,352.53,0.0116,Partner
O00422,C0070,P007,2025-07-05,2,544.9,0.0658,Partner
O00423,C0299,P005,2025-07-24,1,589.32,0.0442,Direct
O00424,C0188,P006,2025-07-05,3,835.88,0.1083,Partner
O00425,C0285,P017,2025-07-16,4,280.41,0.0767,Web
O00426,C0208,P011,2025-07-30,1,78.36,0.0938,Web
O00427,C0043,P008,2025-07-01,1,617.22,0.0609,Web
O00428,C0132,P011,2025-07-08,5,76.88,0.045,Direct
O00429,C0014,P020,2025-07-18,1,282.74,0.0353,Direct
O00430,C0163,P005,2025-07-20,1,663.71,0.0342,Direct
O00431,C0165,P014,2025-07-28,1,138.81,0.0556,Partner
O00432,C0010,P017,2025-07-22,4,291.78,0.062,Direct
O00433,C0204,P013,2025-07-15,2,102.7,0.012,Web
O00434,C0197,P002,2025-07-01,2,1062.49,0.0901,Partner
O00435,C0143,P017,2025-07-25,3,280.39,0.0836,Direct
O00436,C0258,P019,2025-07-29,1,320.12,0.1003,Web
O00437,C0107,P002,2025-07-27,1,870.09,0.0534,Partner
O00438,C0101,P005,2025-07-14,2,558.36,0.0921,Web
O00439,C0192,P018,2025-07-23,4,61.98,0.0354,Partner
O00440,C0274,P010,2025-07-13,2,463.29,0.1141,Web
O00441,C0131,P009,2025-07-16,4,197.82,0.0904,Partner
O00442,C0010,P003,2025-07-20,3,1465.66,0.0799,Web
O00443,C0016,P008,2025-07-10,5,680.7,0.0591,Web
O00444,C0232,P002,2025-07-16,1,937.36,0.1033,Web
O00445,C0168,P017,2025-07-11,5,303.53,0.1152,Partner
O00446,C0069,P012,2025-07-18,5,163.57,0.0672,Partner
O00447,C0104,P007,2025-07-19,2,547.82,0.0099,Web
O00448,C0149,P017,2025-07-20,3,271.5,0.0514,Partner
O00449,C0073,P010,2025-07-23,2,447.2,0.0238,Direct
O00450,C0215,P017,2025-07-18,5,302.23,0.0349,Partner
O00451,C0249,P018,2025-07-06,4,77.9,0.0797,Direct
O00452,C0254,P002,2025-07-14,1,1151.57,0.0893,Partner
O00453,C0021,P010,2025-07-17,5,389.53,0.0679,Partner
O00454,C0032,P016,2025-07-27,2,132.3,0.0473,Web
O00455,C0170,P005,2025-07-19,3,635.97,0.1074,Web
O00456,C0022,P015,2025-07-15,2,91.53,0.0537,Direct
O00457,C0086,P008,2025-07-04,3,632.04,0.0601,Direct
O00458,C0142,P016,2025-07-24,4,129.78,0.0961,Partner
O00459,C0175,P018,2025-07-25,1,72.8,0.0342,Web
O00460,C0222,P008,2025-07-21,4,565.01,0.0613,Web
O00461,C0050,P019,2025-07-16,2,427.81,0.1184,Direct
O00462,C0263,P004,2025-07-26,5,1174.45,0.0472,Web
O00463,C0281,P018,2025-07-23,4,71.62,0.0465,Partner
O00464,C0244,P012,2025-07-15,1,189.88,0.0276,Partner
O00465,C0106,P004,2025-07-10,4,1610.36,0.0297,Direct
O00466,C0075,P017,2025-07-27,1,245.02,0.0604,Web
O00467,C0158,P020,2025-07-29,1,306.49,0.0615,Direct
O00468,C0243,P006,2025-07-13,4,653.32,0.0889,Direct
O00469,C0253,P016,2025-07-28,1,132.16,0.1071,Web
O00470,C0001,P015,2025-07-18,1,83.29,0.0326,Web
O00471,C0179,P010,2025-07-03,1,407.73,0.0848,Partner
O00472,C0173,P020,2025-07-27,2,268.23,0.0918,Web
O00473,C0259,P008,2025-07-24,4,554.99,0.0224,Direct
O00474,C0150,P020,2025-07-07,5,323.29,0.1005,Web
O00475,C0033,P002,2025-07-16,5,1145.87,0.1044,Direct
O00476,C0210,P011,2025-07-17,3,80.07,0.1103,Partner
O00477,C0184,P003,2025-07-16,2,1379.79,0.1134,Direct
O00478,C0134,P002,2025-07-27,1,1213.11,0.0194,Partner
O00479,C0090,P016,2025-07-19,5,116.42,0.0905,Web
O00480,C0107,P014,2025-07-16,3,138.68,0.0162,Direct
O00481,C0143,P003,2025-07-10,1,1683.02,0.0422,Partner
O00482,C0065,P016,2025-07-22,2,138.81,0.1122,Partner
O00483,C0137,P008,2025-07-07,5,528.1,0.0888,Direct
O00484,C0297,P017,2025-07-18,1,281.0,0.0424,Partner
O00485,C0161,P014,2025-07-19,4,175.79,0.0591,Partner
O00486,C0019,P010,2025-07-04,4,369.39,0.0395,Direct
O00487,C0172,P015,2025-07-07,1,78.35,0.0054,Partner
O00488,C0262,P005,2025-07-02,3,486.39,0.067,Partner
O00489,C0157,P006,2025-07-24,3,718.63,0.1108,Partner
O00490,C0087,P014,2025-07-02,4,173.66,0.1177,Partner
O00491,C0279,P015,2025-07-17,3,79.94,0.0975,Web
O00492,C0221,P003,2025-07-14,5,1589.16,0.0992,Web
O00493,C0228,P014,2025-07-17,4,158.28,0.0325,Direct
O00494,C0112,P013,2025-07-25,1,118.54,0.0526,Web
O00495,C0228,P005,2025-07-19,2,594.04,0.0279,Partner
O00496,C0020,P002,2025-07-12,4,1000.87,0.0518,Partner
O00497,C0094,P017,2025-07-15,2,292.8,0.1127,Direct
O00498,C0199,P020,2025-07-24,1,296.6,0.0497,Direct
O00499,C0206,P011,2025-07-26,2,66.13,0.0498,Web
O00500,C0038,P017,2025-07-18,4,308.32,0.0043,Direct
O00501,C0226,P013,2025-07-29,3,101.86,0.0299,Partner
O00502,C0036,P018,2025-07-09,1,68.51,0.0635,Web
O00503,C0162,P001,2025-07-10,1,1292.32,0.066,Web
O00504,C0099,P010,2025-07-07,2,339.71,0.113,Direct
O00505,C0120,P003,2025-07-18,1,1419.53,0.1178,Partner
O00506,C0186,P013,2025-07-31,3,104.61,0.1169,Direct
O00507,C0122,P005,2025-07-14,4,561.77,0.0461,Partner
O00508,C0280,P007,2025-07-31,3,575.36,0.0779,Web
O00509,C0090,P020,2025-07-19,1,343.23,0.0681,Direct
O00510,C0212,P018,2025-07-17,3,74.94,0.0547,Web
O00511,C0100,P004,2025-07-09,2,1555.82,0.0041,Partner
O00512,C0213,P016,2025-07-01,3,121.54,0.0809,Partner
O00513,C0182,P002,2025-07-15,3,1106.42,0.0706,Web
O00514,C0110,P007,2025-07-19,3,541.09,0.0676,Partner
O00515,C0216,P018,2025-07-23,4,70.18,0.0386,Partner
O00516,C0026,P019,2025-07-01,4,441.86,0.0267,Web
O00517,C0040,P017,2025-07-04,1,250.16,0.0502,Partner
O00518,C0098,P011,2025-07-30,1,85.72,0.0184,Partner
O00519,C0029,P016,2025-07-07,1,155.91,0.0621,Web
O00520,C0101,P014,2025-07-01,3,138.08,0.1097,Web
O00521,C0044,P016,2025-07-04,5,118.79,0.0711,Direct
O00522,C0078,P019,2025-07-10,2,352.75,0.0689,Direct
O00523,C0298,P004,2025-07-09,3,1461.39,0.0154,Web
O00524,C0280,P019,2025-07-26,3,399.69,0.0852,Direct
O00525,C0066,P015,2025-07-24,5,91.51,0.0334,Direct
O00526,C0030,P015,2025-07-03,1,80.57,0.0073,Direct
O00527,C0290,P011,2025-07-29,1,78.99,0.0949,Partner
O00528,C0247,P003,2025-07-18,5,1642.91,0.0567,Web
O00529,C0248,P014,2025-07-20,2,174.83,0.0118,Web
O00530,C0249,P013,2025-07-08,3,131.17,0.0101,Direct
O00531,C0119,P016,2025-07-24,3,119.25,0.0095,Direct
O00532,C0226,P006,2025-07-28,2,798.82,0.0838,Web
O00533,C0159,P006,2025-07-19,4,844.38,0.011,Partner
O00534,C0098,P009,2025-07-13,2,216.93,0.0569,Web
O00535,C0034,P012,2025-07-27,2,147.83,0.032,Web
O00536,C0258,P001,2025-07-12,4,1639.29,0.0077,Direct
O00537,C0112,P006,2025-07-23,2,853.5,0.0847,Direct
O00538,C0186,P019,2025-07-06,2,397.37,0.0456,Web
O00539,C0071,P019,2025-07-07,4,373.52,0.0899,Partner
O00540,C0293,P004,2025-07-20,2,1585.63,0.0298,Direct
O00541,C0062,P018,2025-07-19,1,74.35,0.0939,Direct
O00542,C0185,P018,2025-07-20,3,62.62,0.0259,Direct
O00543,C0152,P006,2025-07-06,3,720.41,0.0293,Web
O00544,C0265,P007,2025-07-14,1,581.47,0.0218,Direct
O00545,C0043,P015,2025-07-03,3,73.95,0.1157,Web
O00546,C0245,P011,2025-07-27,1,86.52,0.0405,Partner
O00547,C0003,P013,2025-07-07,4,111.84,0.0266,Web
O00548,C0035,P005,2025-07-25,2,627.34,0.038,Direct
O00549,C0279,P005,2025-07-13,3,586.15,0.1103,Direct
O00550,C0263,P004,2025-07-27,1,1606.92,0.0559,Partner
O00551,C0271,P001,2025-07-05,1,1440.17,0.0309,Web
O00552,C0051,P019,2025-07-07,2,438.41,0.0913,Partner
O00553,C0088,P013,2025-07-14,4,114.43,0.0776,Web
O00554,C0057,P001,2025-07-10,2,1372.85,0.0853,Partner
O00555,C0179,P014,2025-07-24,3,157.41,0.0191,Web
O00556,C0202,P017,2025-07-09,5,239.25,0.0399,Web
O00557,C0241,P007,2025-07-09,3,537.65,0.0232,Partner
O00558,C0163,P006,2025-07-22,4,843.35,0.0512,Web
O00559,C0071,P019,2025-07-16,1,322.27,0.0866,Direct
O00560,C0229,P012,2025-07-02,3,183.41,0.0452,Partner
O00561,C0005,P007,2025-07-09,1,698.64,0.0076,Direct
O00562,C0249,P009,2025-07-23,1,214.88,0.103,Direct
O00563,C0089,P004,2025-07-26,1,1437.14,0.0425,Direct
O00564,C0038,P008,2025-07-11,3,527.09,0.0068,Web
O00565,C0235,P019,2025-07-30,2,441.3,0.1157,Direct
O00566,C0043,P002,2025-07-19,1,1108.73,0.0115,Partner
O00567,C0020,P004,2025-07-21,1,1439.74,0.1184,Direct
O00568,C0202,P004,2025-07-31,3,1474.01,0.0048,Partner
O00569,C0039,P018,2025-07-20,2,59.14,0.0609,Partner
O00570,C0282,P016,2025-07-16,5,122.12,0.0069,Web
O00571,C0298,P002,2025-07-18,4,1169.0,0.0172,Partner
O00572,C0087,P006,2025-07-01,4,747.72,0.084,Web
O00573,C0065,P013,2025-07-18,2,123.47,0.0113,Partner
O00574,C0047,P012,2025-07-24,3,191.57,0.11,Partner
O00575,C0223,P013,2025-07-08,5,117.88,0.0004,Direct
O00576,C0019,P005,2025-07-03,5,548.61,0.0842,Web
O00577,C0292,P016,2025-07-08,3,120.88,0.0897,Partner
O00578,C0107,P013,2025-07-09,5,114.4,0.0329,Web
O00579,C0162,P017,2025-07-25,4,287.18,0.0167,Web
O00580,C0243,P020,2025-07-07,3,315.68,0.058,Partner
O00581,C0051,P009,2025-07-16,1,201.94,0.012,Web
O00582,C0050,P001,2025-07-30,3,1387.64,0.0426,Web
O00583,C0216,P007,2025-07-25,5,612.1,0.1103,Direct
O00584,C0090,P003,2025-07-18,5,1526.26,0.0962,Web
O00585,C0184,P018,2025-07-13,3,81.98,0.0664,Web
O00586,C0082,P019,2025-07-02,4,418.72,0.0122,Direct
O00587,C0243,P007,2025-07-05,3,508.19,0.0095,Web
O00588,C0209,P006,2025-07-15,1,695.14,0.0274,Web
O00589,C0150,P004,2025-07-30,4,1600.88,0.0168,Partner
O00590,C0288,P007,2025-07-20,1,641.47,0.0845,Direct
O00591,C0167,P017,2025-07-30,3,272.61,0.0389,Web
O00592,C0032,P013,2025-07-02,3,112.18,0.0113,Direct
O00593,C0049,P004,2025-07-02,4,1451.03,0.0505,Partner
O00594,C0028,P003,2025-07-11,3,1727.36,0.0695,Direct
O00595,C0164,P010,2025-07-30,3,466.49,0.0908,Web
O00596,C0150,P018,2025-07-01,1,81.29,0.0383,Direct
O00597,C0134,P006,2025-07-29,5,788.19,0.0057,Partner
O00598,C0019,P005,2025-07-19,3,494.72,0.112,Web
O00599,C0242,P019,2025-07-16,3,394.97,0.035,Direct
O00600,C0020,P004,2025-07-04,5,1199.22,0.0373,Partner
O00601,C0099,P001,2025-07-18,3,1598.32,0.0962,Partner
O00602,C0182,P005,2025-07-13,5,644.24,0.0608,Partner
O00603,C0174,P005,2025-07-03,5,533.85,0.0031,Web
O00604,C0073,P010,2025-07-11,1,407.06,0.106,Direct
O00605,C0243,P006,2025-07-12,3,695.49,0.0986,Partner
O00606,C0048,P004,2025-07-16,4,1471.17,0.0955,Web
O00607,C0042,P012,2025-07-17,4,161.9,0.0039,Partner
O00608,C0035,P018,2025-07-11,1,70.74,0.0428,Web
O00609,C0170,P012,2025-07-27,3,177.87,0.08,Partner
O00610,C0096,P004,2025-07-19,2,1436.17,0.0378,Direct
O00611,C0207,P007,2025-07-12,4,628.98,0.0162,Direct
O00612,C0133,P001,2025-07-02,3,1671.81,0.0196,Partner
O00613,C0110,P011,2025-07-17,3,63.74,0.1098,Partner
O00614,C0137,P006,2025-07-09,1,824.33,0.1107,Partner
O00615,C0200,P012,2025-07-30,2,178.28,0.0659,Direct
O00616,C0284,P011,2025-07-09,1,67.0,0.0838,Direct
O00617,C0073,P020,2025-07-27,1,324.94,0.1112,Direct
O00618,C0023,P015,2025-07-22,1,92.52,0.0083,Web
O00619,C0159,P017,2025-07-26,3,306.2,0.1054,Direct
O00620,C0244,P009,2025-07-08,2,201.11,0.0121,Direct
O00621,C0237,P014,2025-07-15,1,151.31,0.0065,Partner
O00622,C0090,P013,2025-07-20,3,132.84,0.0069,Web
O00623,C0020,P018,2025-07-04,5,67.12,0.0791,Web
O00624,C0121,P007,2025-07-17,2,516.86,0.1054,Web
O00625,C0208,P019,2025-07-28,5,388.11,0.0669,Direct
O00626,C0296,P009,2025-07-03,4,204.86,0.0395,Web
O00627,C0133,P007,2025-07-24,1,618.75,0.0317,Direct
O00628,C0057,P001,2025-07-12,5,1683.67,0.0404,Web
O00629,C0007,P014,2025-07-02,4,142.11,0.0986,Partner
O00630,C0208,P017,2025-07-01,4,227.83,0.1189,Direct
O00631,C0191,P016,2025-07-03,5,155.4,0.0025,Web
O00632,C0238,P006,2025-07-25,3,613.84,0.0346,Direct
O00633,C0220,P016,2025-07-15,4,142.49,0.0362,Web
O00634,C0094,P016,2025-07-14,5,134.61,0.0663,Partner
O00635,C0141,P009,2025-07-14,3,196.19,0.0992,Direct
O00636,C0273,P004,2025-07-18,2,1364.61,0.0846,Partner
O00637,C0025,P017,2025-07-07,3,287.58,0.09,Partner
O00638,C0203,P007,2025-07-07,4,599.2,0.0706,Partner
O00639,C0298,P001,2025-07-18,5,1549.66,0.0155,Partner
O00640,C0245,P005,2025-07-24,4,556.37,0.1025,Partner
O00641,C0271,P009,2025-07-31,3,167.31,0.0774,Partner
O00642,C0216,P001,2025-07-16,4,1649.28,0.0818,Direct
O00643,C0140,P006,2025-07-08,5,785.4,0.1186,Direct
O00644,C0292,P009,2025-07-24,5,208.04,0.0207,Partner
O00645,C0022,P011,2025-07-27,4,76.71,0.1042,Partner
O00646,C0033,P012,2025-07-16,4,164.12,0.013,Direct
O00647,C0280,P004,2025-07-31,5,1384.2,0.0058,Direct
O00648,C0005,P001,2025-07-06,1,1597.05,0.0954,Direct
O00649,C0183,P005,2025-07-11,3,510.66,0.0364,Partner
O00650,C0267,P015,2025-07-28,3,80.1,0.0396,Direct
O00651,C0196,P010,2025-07-08,3,470.71,0.0137,Direct
O00652,C0256,P010,2025-07-18,4,382.75,0.0623,Partner
O00653,C0085,P006,2025-07-16,4,734.22,0.1111,Web
O00654,C0187,P009,2025-07-23,3,200.98,0.1085,Direct
O00655,C0267,P004,2025-07-01,5,1536.24,0.1033,Web
O00656,C0145,P012,2025-07-10,2,182.57,0.0169,Partner
O00657,C0070,P007,2025-07-05,3,564.01,0.0464,Partner
O00658,C0247,P009,2025-07-24,4,172.19,0.0919,Web
O00659,C0188,P016,2025-07-28,3,147.19,0.1098,Direct
O00660,C0241,P020,2025-07-16,1,328.84,0.0351,Direct
O00661,C0134,P017,2025-07-09,2,297.11,0.0104,Web
O00662,C0014,P010,2025-07-27,3,455.26,0.1142,Partner
O00663,C0072,P009,2025-07-31,2,175.96,0.0601,Partner
O00664,C0067,P009,2025-07-01,4,176.84,0.0296,Partner
O00665,C0184,P004,2025-07-17,2,1463.82,0.0393,Web
O00666,C0185,P001,2025-07-19,5,1591.77,0.0439,Partner
O00667,C0106,P004,2025-07-08,2,1606.79,0.0746,Partner
O00668,C0084,P015,2025-07-26,1,93.12,0.0673,Direct
O00669,C0233,P018,2025-07-07,4,74.22,0.0228,Web
O00670,C0032,P016,2025-07-19,3,133.17,0.0707,Partner
O00671,C0092,P002,2025-07-16,5,944.02,0.0965,Direct
O00672,C0161,P013,2025-07-01,4,134.01,0.0212,Web
O00673,C0132,P002,2025-07-09,4,990.38,0.0467,Partner
O00674,C0075,P009,2025-07-10,4,181.33,0.0371,Partner
O00675,C0163,P005,2025-07-28,2,496.91,0.019,Partner
O00676,C0126,P014,2025-07-02,3,136.31,0.109,Partner
O00677,C0144,P018,2025-07-11,4,64.72,0.0504,Web
O00678,C0064,P007,2025-07-12,5,614.67,0.0432,Web
O00679,C0254,P013,2025-07-25,2,115.02,0.0949,Partner
O00680,C0264,P008,2025-07-18,5,569.73,0.0064,Web
O00681,C0019,P015,2025-07-03,1,85.99,0.0584,Web
O00682,C0056,P016,2025-07-11,3,157.68,0.0738,Web
O00683,C0106,P008,2025-07-25,1,635.79,0.0111,Partner
O00684,C0163,P005,2025-07-14,5,538.55,0.0057,Partner
O00685,C0146,P001,2025-07-14,3,1685.85,0.0293,Web
O00686,C0173,P020,2025-07-02,3,266.04,0.0398,Partner
O00687,C0073,P014,2025-07-06,3,162.52,0.1041,Partner
O00688,C0228,P020,2025-07-24,3,336.14,0.0999,Partner
O00689,C0115,P015,2025-07-06,5,100.95,0.057,Direct
O00690,C0192,P012,2025-07-27,4,164.07,0.0984,Direct
O00691,C0234,P016,2025-07-04,5,125.56,0.0852,Partner
O00692,C0228,P011,2025-07-29,2,78.05,0.0695,Partner
O00693,C0272,P004,2025-07-30,5,1277.82,0.087,Partner
O00694,C0239,P016,2025-07-07,4,122.82,0.1028,Direct
O00695,C0242,P011,2025-07-27,1,81.7,0.03,Web
O00696,C0263,P016,2025-07-07,3,118.06,0.0614,Web
O00697,C0228,P010,2025-07-15,4,398.98,0.0413,Web
O00698,C0079,P006,2025-07-29,1,652.62,0.1186,Web
O00699,C0144,P007,2025-07-14,1,549.3,0.007,Direct
O00700,C0238,P017,2025-07-11,2,284.17,0.0757,Direct
O00701,C0197,P019,2025-07-15,5,403.09,0.0981,Direct
O00702,C0238,P008,2025-07-22,3,528.74,0.091,Direct
O00703,C0032,P020,2025-07-13,1,334.53,0.112,Direct
O00704,C0068,P008,2025-07-29,4,709.61,0.0153,Direct
O00705,C0278,P007,2025-07-01,4,543.88,0.039,Direct
O00706,C0007,P017,2025-07-18,1,283.37,0.0779,Web
O00707,C0148,P016,2025-07-09,3,126.68,0.0019,Direct
O00708,C0062,P002,2025-07-06,3,875.74,0.0189,Web
O00709,C0136,P014,2025-07-30,4,172.64,0.0958,Partner
O00710,C0171,P017,2025-07-18,5,230.21,0.0517,Web
O00711,C0094,P008,2025-07-25,3,570.07,0.0823,Partner
O00712,C0253,P013,2025-07-20,3,122.79,0.0037,Partner
O00713,C0165,P015,2025-07-25,3,81.43,0.0393,Direct
O00714,C0281,P013,2025-07-15,4,126.13,0.0496,Direct
O00715,C0170,P010,2025-07-31,2,395.65,0.0823,Web
O00716,C0012,P016,2025-07-09,3,145.36,0.0771,Partner
O00717,C0155,P014,2025-07-12,4,173.82,0.061,Web
O00718,C0220,P013,2025-07-08,3,112.49,0.0509,Partner
O00719,C0152,P006,2025-07-09,2,707.94,0.0725,Partner
O00720,C0066,P008,2025-07-14,1,657.52,0.0098,Partner
O00721,C0005,P010,2025-07-07,1,427.41,0.0412,Partner
O00722,C0285,P012,2025-07-18,2,154.33,0.0744,Web
O00723,C0201,P010,2025-07-26,2,363.86,0.0134,Web
O00724,C0036,P012,2025-07-13,4,140.03,0.1144,Partner
O00725,C0044,P001,2025-07-15,3,1603.2,0.1098,Partner
O00726,C0214,P018,2025-07-31,2,59.97,0.1184,Direct
O00727,C0026,P017,2025-07-27,5,247.57,0.0171,Partner
O00728,C0199,P010,2025-07-17,4,460.89,0.0744,Direct
O00729,C0223,P007,2025-07-14,3,526.28,0.0231,Web
O00730,C0044,P015,2025-07-22,4,89.06,0.0449,Partner
O00731,C0152,P014,2025-07-22,5,169.91,0.0656,Web
O00732,C0246,P004,2025-07-15,1,1560.94,0.0464,Direct
O00733,C0166,P008,2025-07-13,2,619.06,0.0654,Web
O00734,C0199,P016,2025-07-07,3,153.78,0.0415,Direct
O00735,C0082,P019,2025-07-24,2,387.8,0.0644,Web
O00736,C0249,P002,2025-07-29,1,1053.41,0.0703,Web
O00737,C0071,P011,2025-07-14,1,76.11,0.0316,Partner
O00738,C0103,P006,2025-07-16,3,635.03,0.0088,Direct
O00739,C0279,P004,2025-07-07,1,1441.68,0.0213,Partner
O00740,C0265,P007,2025-07-03,4,674.61,0.0354,Web
O00741,C0035,P009,2025-07-04,5,230.45,0.0858,Direct
O00742,C0021,P001,2025-07-31,2,1717.53,0.0127,Direct
O00743,C0018,P008,2025-07-31,2,539.29,0.0834,Direct
O00744,C0083,P019,2025-07-03,2,379.93,0.019,Direct
O00745,C0057,P009,2025-07-31,1,231.08,0.0174,Web
O00746,C0157,P015,2025-07-03,3,79.42,0.0066,Web
O00747,C0196,P003,2025-07-19,3,1690.54,0.0105,Partner
O00748,C0133,P002,2025-07-08,2,998.03,0.0086,Direct
O00749,C0131,P005,2025-07-28,3,671.49,0.1196,Web
O00750,C0294,P011,2025-07-03,4,71.7,0.0285,Direct
O00751,C0073,P001,2025-07-05,1,1471.52,0.0408,Partner
O00752,C0055,P013,2025-07-12,2,135.47,0.0289,Partner
O00753,C0091,P011,2025-07-13,1,76.07,0.0183,Direct
O00754,C0049,P005,2025-07-09,2,514.11,0.1116,Direct
O00755,C0166,P001,2025-07-26,3,1518.89,0.0301,Direct
O00756,C0136,P020,2025-07-23,2,272.92,0.0232,Web
O00757,C0125,P007,2025-07-14,5,658.77,0.1136,Direct
O00758,C0196,P014,2025-07-15,4,171.11,0.0613,Direct
O00759,C0055,P008,2025-07-02,4,624.69,0.0149,Partner
O00760,C0118,P014,2025-07-27,5,144.66,0.0986,Web
O00761,C0269,P009,2025-07-24,4,176.31,0.111,Direct
O00762,C0145,P011,2025-07-08,4,70.22,0.044,Web
O00763,C0025,P015,2025-07-16,5,93.14,0.0657,Direct
O00764,C0135,P014,2025-07-27,2,140.35,0.1144,Partner
O00765,C0036,P008,2025-07-24,5,710.96,0.0844,Direct
O00766,C0049,P009,2025-07-04,2,220.06,0.0338,Direct
O00767,C0222,P014,2025-07-13,5,134.72,0.0471,Partner
O00768,C0195,P013,2025-07-06,5,102.21,0.0488,Direct
O00769,C0132,P013,2025-07-06,3,107.35,0.0541,Direct
O00770,C0111,P007,2025-07-23,2,561.48,0.0648,Web
O00771,C0265,P019,2025-07-21,3,395.02,0.0088,Web
O00772,C0054,P010,2025-07-24,4,448.95,0.0224,Web
O00773,C0046,P005,2025-07-11,2,594.66,0.0746,Web
O00774,C0207,P011,2025-07-10,3,80.22,0.0672,Partner
O00775,C0142,P007,2025-07-02,5,518.68,0.0854,Web
O00776,C0219,P012,2025-07-17,3,157.93,0.0993,Partner
O00777,C0268,P016,2025-07-27,3,149.26,0.0321,Direct
O00778,C0177,P008,2025-07-10,5,611.85,0.1141,Partner
O00779,C0165,P016,2025-07-19,5,131.78,0.1196,Direct
O00780,C0046,P001,2025-07-15,5,1643.54,0.109,Direct
O00781,C0192,P015,2025-07-05,4,86.04,0.0612,Partner
O00782,C0153,P007,2025-07-16,1,670.66,0.0851,Web
O00783,C0052,P016,2025-07-02,2,138.35,0.004,Direct
O00784,C0115,P011,2025-07-08,3,64.28,0.0828,Direct
O00785,C0236,P009,2025-07-11,3,183.99,0.0645,Web
O00786,C0132,P010,2025-07-19,4,337.3,0.1089,Direct
O00787,C0012,P002,2025-07-20,3,940.8,0.0629,Partner
O00788,C0085,P011,2025-07-13,2,79.71,0.0299,Partner
O00789,C0214,P001,2025-07-28,3,1513.02,0.0551,Partner
O00790,C0289,P005,2025-07-31,2,537.71,0.0947,Partner
O00791,C0039,P012,2025-07-22,4,195.1,0.0785,Direct
O00792,C0270,P004,2025-07-04,4,1483.94,0.0581,Partner
O00793,C0147,P019,2025-07-06,5,330.02,0.0161,Partner
O00794,C0021,P019,2025-07-03,2,408.54,0.0663,Direct
O00795,C0183,P017,2025-07-04,2,271.33,0.0141,Partner
O00796,C0266,P014,2025-07-04,5,135.93,0.0967,Web
O00797,C0255,P003,2025-07-08,4,1741.15,0.0901,Web
O00798,C0058,P014,2025-07-14,3,135.8,0.0839,Web
O00799,C0072,P008,2025-07-03,3,535.96,0.0681,Web
O00800,C0056,P002,2025-07-03,2,1207.86,0.0821,Partner
O00801,C0141,P004,2025-07-26,1,1314.67,0.0183,Web
O00802,C0066,P012,2025-07-19,4,149.8,0.0668,Partner
O00803,C0123,P006,2025-07-13,5,620.22,0.0879,Partner
O00804,C0232,P015,2025-07-06,3,84.77,0.1042,Web
O00805,C0139,P011,2025-07-05,4,83.37,0.0994,Direct
O00806,C0143,P010,2025-07-23,3,371.89,0.1025,Direct
O00807,C0094,P001,2025-07-09,1,1644.42,0.0408,Partner
O00808,C0045,P004,2025-07-17,3,1552.01,0.0085,Web
O00809,C0253,P001,2025-07-18,3,1722.15,0.0335,Direct
O00810,C0288,P015,2025-07-09,3,97.49,0.0823,Partner
O00811,C0212,P011,2025-07-01,3,84.2,0.0952,Web
O00812,C0228,P011,2025-07-15,3,83.98,0.1035,Partner
O00813,C0028,P005,2025-07-28,1,558.82,0.1028,Partner
O00814,C0087,P012,2025-07-01,5,159.81,0.0739,Partner
O00815,C0235,P003,2025-07-31,5,1424.75,0.1092,Web
O00816,C0065,P012,2025-07-19,5,144.65,0.0078,Partner
O00817,C0059,P002,2025-07-07,3,1150.06,0.0484,Partner
O00818,C0134,P004,2025-07-17,5,1478.67,0.0566,Direct
O00819,C0076,P015,2025-07-07,5,83.77,0.0015,Web
O00820,C0038,P008,2025-07-11,1,705.45,0.0753,Direct
O00821,C0008,P011,2025-07-09,4,70.05,0.0984,Partner
O00822,C0001,P009,2025-07-29,3,219.97,0.1024,Direct
O00823,C0227,P008,2025-07-22,5,625.65,0.0742,Direct
O00824,C0018,P017,2025-07-18,5,229.96,0.089,Web
O00825,C0114,P017,2025-07-11,5,233.82,0.1128,Web
O00826,C0021,P018,2025-07-27,1,60.7,0.0022,Direct
O00827,C0287,P001,2025-07-01,3,1650.1,0.0153,Partner
O00828,C0038,P014,2025-07-08,1,162.32,0.114,Direct
O00829,C0298,P016,2025-07-18,5,137.92,0.0999,Direct
O00830,C0055,P020,2025-07-21,4,255.9,0.1071,Web
O00831,C0072,P014,2025-07-20,5,141.4,0.0583,Partner
O00832,C0223,P015,2025-07-17,4,92.86,0.1175,Web
O00833,C0299,P015,2025-07-14,1,87.45,0.0707,Direct
O00834,C0044,P015,2025-07-09,1,76.97,0.0614,Direct
O00835,C0026,P004,2025-07-23,3,1238.25,0.0868,Partner
O00836,C0059,P015,2025-07-01,2,88.82,0.0384,Partner
O00837,C0090,P005,2025-07-16,3,642.94,0.1098,Web
O00838,C0091,P011,2025-07-23,5,78.27,0.0241,Web
O00839,C0037,P016,2025-07-17,3,144.03,0.0431,Web
O00840,C0132,P013,2025-07-24,3,107.38,0.0934,Web
O00841,C0205,P016,2025-07-24,4,115.07,0.0328,Partner
O00842,C0141,P019,2025-07-29,3,364.43,0.105,Direct
O00843,C0227,P004,2025-07-08,2,1183.79,0.0891,Direct
O00844,C0046,P013,2025-07-25,5,122.65,0.0017,Web
O00845,C0087,P001,2025-07-16,3,1397.65,0.0216,Partner
O00846,C0185,P005,2025-07-19,2,553.91,0.0224,Web
O00847,C0171,P003,2025-07-25,2,1356.93,0.037,Web
O00848,C0271,P017,2025-07-12,1,276.43,0.0681,Partner
O00849,C0242,P017,2025-07-15,2,251.31,0.0362,Direct
O00850,C0013,P006,2025-07-28,1,835.53,0.0132,Web
O00851,C0272,P010,2025-07-23,2,402.31,0.0666,Partner
O00852,C0007,P003,2025-07-31,3,1691.39,0.0793,Partner
O00853,C0099,P011,2025-07-10,2,67.27,0.0701,Web
O00854,C0014,P015,2025-07-14,4,85.66,0.0393,Partner
O00855,C0064,P020,2025-07-12,1,265.86,0.0199,Direct
O00856,C0198,P020,2025-07-08,5,341.5,0.0334,Partner
O00857,C0006,P013,2025-07-12,1,121.07,0.0785,Web
O00858,C0161,P018,2025-07-26,4,81.95,0.0551,Web
O00859,C0266,P013,2025-07-20,4,110.8,0.1037,Partner
O00860,C0085,P007,2025-07-04,1,557.23,0.064,Partner
O00861,C0300,P011,2025-07-01,5,88.78,0.0129,Partner
O00862,C0082,P001,2025-07-15,5,1491.81,0.1027,Direct
O00863,C0028,P016,2025-07-25,1,134.97,0.0742,Direct
O00864,C0139,P001,2025-07-13,3,1450.82,0.0225,Web
O00865,C0116,P016,2025-07-27,2,141.09,0.0619,Web
O00866,C0264,P020,2025-07-04,3,280.8,0.0517,Web
O00867,C0260,P006,2025-07-17,4,672.26,0.0102,Direct
O00868,C0125,P020,2025-07-27,5,324.22,0.0669,Partner
O00869,C0015,P015,2025-07-21,4,80.36,0.0661,Partner
O00870,C0232,P013,2025-07-21,4,120.5,0.0604,Web
O00871,C0035,P002,2025-07-04,4,1169.56,0.017,Web
O00872,C0110,P019,2025-07-01,1,442.24,0.0592,Web
O00873,C0044,P008,2025-07-04,2,713.66,0.0303,Direct
O00874,C0218,P010,2025-07-03,2,428.41,0.0002,Web
O00875,C0142,P014,2025-07-17,2,163.12,0.0924,Direct
O00876,C0218,P008,2025-07-22,2,715.74,0.0291,Web
O00877,C0003,P006,2025-07-31,5,651.48,0.0793,Partner
O00878,C0227,P005,2025-07-18,4,591.74,0.0364,Web
O00879,C0026,P018,2025-07-27,1,67.64,0.1018,Partner
O00880,C0058,P007,2025-07-03,5,597.37,0.009,Partner
O00881,C0205,P014,2025-07-21,4,168.33,0.1178,Direct
O00882,C0202,P011,2025-07-16,1,86.67,0.0773,Partner
O00883,C0056,P018,2025-07-02,2,70.77,0.0876,Partner
O00884,C0061,P009,2025-07-31,1,196.34,0.0218,Web
O00885,C0275,P007,2025-07-20,2,624.12,0.1108,Web
O00886,C0296,P008,2025-07-22,2,578.69,0.1029,Direct
O00887,C0269,P005,2025-07-14,1,668.18,0.1037,Partner
O00888,C0092,P002,2025-07-15,4,981.02,0.0344,Partner
O00889,C0175,P003,2025-07-09,3,1580.47,0.0615,Direct
O00890,C0065,P013,2025-07-20,4,137.39,0.0131,Partner
O00891,C0191,P013,2025-07-06,5,114.41,0.0234,Web
O00892,C0080,P008,2025-07-14,1,579.53,0.0326,Web
O00893,C0212,P013,2025-07-06,1,114.79,0.0828,Partner
O00894,C0053,P020,2025-07-07,3,250.78,0.0569,Web
O00895,C0131,P001,2025-07-06,2,1741.39,0.1102,Direct
O00896,C0065,P016,2025-07-15,5,152.76,0.0963,Web
O00897,C0136,P003,2025-07-13,1,1564.45,0.1044,Partner
O00898,C0265,P003,2025-07-18,5,1424.42,0.0823,Web
O00899,C0247,P019,2025-07-04,3,327.35,0.0695,Direct
O00900,C0123,P013,2025-07-11,5,136.4,0.0328,Partner
O00901,C0206,P004,2025-07-02,2,1175.73,0.0337,Direct
O00902,C0199,P014,2025-07-04,1,132.28,0.0093,Web
O00903,C0237,P018,2025-07-11,5,60.14,0.0912,Partner
O00904,C0222,P016,2025-07-11,2,127.23,0.0544,Partner
O00905,C0127,P018,2025-07-14,4,70.17,0.0293,Partner
O00906,C0219,P016,2025-07-13,3,144.73,0.048,Partner
O00907,C0051,P010,2025-07-31,3,440.85,0.1173,Web
O00908,C0134,P016,2025-07-12,5,120.3,0.0356,Direct
O00909,C0244,P002,2025-07-15,3,926.89,0.0416,Direct
O00910,C0239,P010,2025-07-19,2,457.73,0.068,Web
O00911,C0020,P004,2025-07-11,2,1433.36,0.0608,Partner
O00912,C0045,P009,2025-07-17,1,185.15,0.0735,Direct
O00913,C0232,P002,2025-07-02,2,1148.22,0.0311,Partner
O00914,C0182,P016,2025-07-10,1,156.03,0.0412,Direct
O00915,C0192,P005,2025-07-06,5,624.45,0.0818,Partner
O00916,C0015,P007,2025-07-20,2,541.45,0.0271,Web
O00917,C0137,P016,2025-07-17,2,117.46,0.0044,Direct
O00918,C0133,P012,2025-07-27,2,146.13,0.0236,Direct
O00919,C0075,P011,2025-07-07,2,75.74,0.1109,Web
O00920,C0164,P010,2025-07-31,4,345.23,0.1119,Direct
O00921,C0097,P011,2025-07-06,3,86.9,0.0609,Partner
O00922,C0132,P014,2025-07-21,3,154.25,0.0257,Web
O00923,C0165,P015,2025-07-01,4,85.15,0.0005,Web
O00924,C0134,P019,2025-07-03,4,371.4,0.0098,Web
O00925,C0227,P006,2025-07-29,4,687.77,0.1197,Partner
O00926,C0275,P005,2025-07-30,2,647.94,0.0383,Direct
O00927,C0214,P015,2025-07-26,1,93.59,0.0589,Direct
O00928,C0006,P016,2025-07-30,5,128.61,0.0218,Web
O00929,C0300,P004,2025-07-18,3,1550.37,0.091,Direct
O00930,C0132,P004,2025-07-02,3,1374.11,0.0978,Web
O00931,C0291,P015,2025-07-13,3,90.95,0.0523,Web
O00932,C0174,P004,2025-07-22,2,1395.02,0.1129,Direct
O00933,C0198,P009,2025-07-31,1,183.08,0.0601,Web
O00934,C0163,P019,2025-07-23,2,351.63,0.0798,Direct
O00935,C0113,P015,2025-07-31,3,85.29,0.0215,Partner
O00936,C0125,P017,2025-07-29,4,278.02,0.0359,Partner
O00937,C0013,P014,2025-07-28,4,142.32,0.0992,Direct
O00938,C0023,P009,2025-07-04,5,177.7,0.1055,Web
O00939,C0132,P009,2025-07-01,2,195.97,0.0474,Direct
O00940,C0091,P012,2025-07-21,1,147.57,0.0931,Web
O00941,C0011,P005,2025-07-27,4,635.93,0.015,Direct
O00942,C0027,P003,2025-07-15,3,1678.96,0.0028,Partner
O00943,C0166,P006,2025-07-30,3,829.22,0.0326,Partner
O00944,C0233,P018,2025-07-04,5,65.97,0.0285,Direct
O00945,C0062,P009,2025-07-17,4,196.26,0.0293,Partner
O00946,C0209,P005,2025-07-17,4,587.61,0.0266,Direct
O00947,C0173,P014,2025-07-29,2,143.89,0.018,Web
O00948,C0180,P016,2025-07-11,2,153.46,0.1015,Direct
O00949,C0250,P003,2025-07-11,4,1552.17,0.12,Web
O00950,C0068,P020,2025-07-14,3,277.63,0.083,Web
O00951,C0061,P010,2025-07-23,2,404.6,0.1067,Web
O00952,C0238,P015,2025-07-09,4,78.76,0.1054,Direct
O00953,C0043,P015,2025-07-08,3,99.32,0.0146,Partner
O00954,C0205,P010,2025-07-04,4,399.11,0.0465,Web
O00955,C0273,P019,2025-07-04,2,420.1,0.0899,Partner
O00956,C0201,P012,2025-07-13,1,161.73,0.0193,Partner
O00957,C0219,P006,2025-07-27,5,728.37,0.041,Direct
O00958,C0065,P014,2025-07-23,2,140.03,0.0909,Direct
O00959,C0260,P013,2025-07-21,4,111.18,0.0757,Direct
O00960,C0047,P016,2025-07-23,5,143.04,0.0225,Direct
O00961,C0120,P018,2025-07-29,1,73.09,0.1181,Direct
O00962,C0160,P012,2025-07-19,1,183.75,0.0787,Partner
O00963,C0198,P014,2025-07-28,2,162.9,0.0285,Direct
O00964,C0295,P013,2025-07-08,5,135.74,0.0292,Web
O00965,C0025,P008,2025-07-02,4,545.24,0.0191,Partner
O00966,C0146,P012,2025-07-08,2,140.44,0.0445,Web
O00967,C0006,P007,2025-07-26,1,623.75,0.0752,Direct
O00968,C0022,P004,2025-07-28,4,1429.56,0.0494,Web
O00969,C0018,P010,2025-07-04,2,445.71,0.1097,Direct
O00970,C0274,P016,2025-07-10,4,121.52,0.0369,Web
O00971,C0060,P007,2025-07-08,4,537.5,0.1103,Direct
O00972,C0031,P010,2025-07-27,2,431.16,0.0426,Web
O00973,C0199,P012,2025-07-31,2,149.35,0.0565,Web
O00974,C0106,P012,2025-07-07,2,177.03,0.092,Direct
O00975,C0192,P004,2025-07-22,1,1363.42,0.0929,Partner
O00976,C0196,P017,2025-07-13,5,245.79,0.0638,Partner
O00977,C0024,P005,2025-07-27,4,518.84,0.035,Partner
O00978,C0152,P016,2025-07-19,3,134.17,0.1103,Direct
O00979,C0112,P017,2025-07-11,5,281.25,0.0762,Direct
O00980,C0183,P016,2025-07-10,3,141.23,0.0031,Direct
O00981,C0034,P001,2025-07-10,5,1268.83,0.063,Partner
O00982,C0185,P005,2025-07-28,2,517.52,0.1061,Web
O00983,C0286,P016,2025-07-18,2,121.07,0.0379,Web
O00984,C0120,P009,2025-07-31,1,182.63,0.0997,Web
O00985,C0291,P004,2025-07-16,5,1264.14,0.0506,Direct
O00986,C0168,P016,2025-07-26,3,126.73,0.0659,Web
O00987,C0212,P011,2025-07-23,4,64.9,0.0202,Partner
O00988,C0049,P019,2025-07-05,3,433.66,0.0616,Web
O00989,C0295,P013,2025-07-12,2,112.2,0.0604,Web
O00990,C0089,P009,2025-07-15,2,201.1,0.1181,Direct
O00991,C0185,P005,2025-07-29,3,509.71,0.042,Direct
O00992,C0216,P017,2025-07-19,3,262.12,0.0062,Web
O00993,C0258,P019,2025-07-24,3,416.17,0.05,Web
O00994,C0282,P017,2025-07-13,5,292.87,0.0412,Web
O00995,C0136,P008,2025-07-28,5,626.63,0.0827,Web
O00996,C0194,P013,2025-07-27,5,123.8,0.0353,Partner
O00997,C0203,P001,2025-07-27,4,1657.01,0.0541,Partner
O00998,C0050,P017,2025-07-16,3,299.87,0.0206,Web
O00999,C0127,P013,2025-07-01,4,138.87,0.014,Partner
O01000,C0278,P004,2025-07-24,5,1184.48,0.0607,Direct
O01001,C0209,P013,2025-07-25,2,118.48,0.0665,Direct
O01002,C0166,P012,2025-07-14,4,151.89,0.11,Web
O01003,C0153,P020,2025-07-11,2,268.25,0.0263,Web
O01004,C0144,P008,2025-07-16,5,524.05,0.0048,Partner
O01005,C0257,P005,2025-07-18,5,600.51,0.0676,Direct
O01006,C0096,P015,2025-07-11,2,98.01,0.1075,Partner
O01007,C0233,P010,2025-07-05,5,373.7,0.079,Direct
O01008,C0027,P020,2025-07-07,4,256.98,0.0004,Direct
O01009,C0127,P007,2025-07-31,3,590.57,0.0362,Direct
O01010,C0298,P010,2025-07-04,3,392.32,0.0779,Partner
O01011,C0093,P015,2025-07-28,2,95.41,0.0149,Direct
O01012,C0100,P013,2025-07-20,5,134.87,0.0056,Partner
O01013,C0223,P004,2025-07-01,1,1248.64,0.0005,Partner
O01014,C0152,P020,2025-07-21,3,289.28,0.0004,Direct
O01015,C0074,P014,2025-07-23,1,169.15,0.0027,Direct
O01016,C0160,P010,2025-07-18,2,418.33,0.0818,Partner
O01017,C0224,P003,2025-07-21,4,1813.12,0.1169,Web
O01018,C0133,P006,2025-07-24,4,745.14,0.0309,Direct
O01019,C0209,P004,2025-07-20,1,1372.51,0.0204,Partner
O01020,C0006,P020,2025-07-29,2,258.0,0.0088,Web
O01021,C0270,P010,2025-07-10,2,466.01,0.1093,Partner
O01022,C0122,P012,2025-07-12,2,142.04,0.0351,Direct
O01023,C0022,P003,2025-07-14,1,1641.75,0.0119,Direct
O01024,C0031,P009,2025-07-14,4,176.47,0.0005,Direct
O01025,C0108,P004,2025-07-07,2,1530.7,0.1099,Web
O01026,C0122,P007,2025-07-23,4,624.88,0.0221,Direct
O01027,C0119,P003,2025-07-31,3,1643.88,0.0166,Partner
O01028,C0088,P003,2025-07-09,5,1588.06,0.0784,Web
O01029,C0014,P011,2025-07-03,2,66.1,0.0986,Direct
O01030,C0144,P014,2025-07-09,2,166.03,0.0902,Web
O01031,C0177,P018,2025-07-17,4,69.02,0.0512,Partner
O01032,C0059,P020,2025-07-19,2,266.22,0.1063,Direct
O01033,C0251,P008,2025-07-04,1,579.93,0.1044,Web
O01034,C0276,P003,2025-07-30,3,1810.38,0.099,Direct
O01035,C0256,P018,2025-07-29,2,76.9,0.0693,Direct
O01036,C0216,P015,2025-07-23,3,101.62,0.0363,Web
O01037,C0291,P020,2025-07-06,2,270.71,0.0135,Web
O01038,C0236,P013,2025-07-10,5,125.63,0.0399,Direct
O01039,C0191,P009,2025-07-31,5,211.97,0.0915,Direct
O01040,C0176,P006,2025-07-08,4,676.43,0.0111,Partner
O01041,C0222,P012,2025-07-06,4,180.56,0.0403,Web
O01042,C0004,P008,2025-07-31,1,573.09,0.0221,Direct
O01043,C0288,P006,2025-07-09,3,673.64,0.0416,Direct
O01044,C0192,P014,2025-07-13,1,127.64,0.1102,Direct
O01045,C0011,P009,2025-07-27,2,173.05,0.0761,Partner
O01046,C0260,P008,2025-07-05,2,542.71,0.0723,Web
O01047,C0076,P019,2025-07-09,3,360.4,0.0919,Partner
O01048,C0223,P006,2025-07-05,3,699.82,0.0931,Web
O01049,C0100,P014,2025-07-28,4,167.3,0.0333,Partner
O01050,C0102,P014,2025-07-27,4,154.89,0.0358,Web
O01051,C0114,P002,2025-07-24,4,1128.92,0.0799,Partner
O01052,C0062,P010,2025-07-24,3,424.97,0.0781,Partner
O01053,C0234,P019,2025-07-21,5,392.31,0.05,Web
O01054,C0110,P006,2025-07-20,3,631.12,0.0171,Partner
O01055,C0239,P019,2025-07-13,5,437.45,0.0513,Direct
O01056,C0236,P001,2025-07-10,1,1318.12,0.1196,Partner
O01057,C0247,P001,2025-07-10,3,1569.69,0.0818,Direct
O01058,C0077,P015,2025-07-07,1,97.84,0.0263,Partner
O01059,C0243,P014,2025-07-02,4,135.12,0.0286,Partner
O01060,C0234,P014,2025-07-06,1,148.52,0.1116,Web
O01061,C0064,P012,2025-07-04,2,194.68,0.0556,Direct
O01062,C0131,P013,2025-07-10,2,114.2,0.0825,Direct
O01063,C0029,P001,2025-07-23,4,1345.96,0.0461,Direct
O01064,C0044,P003,2025-07-23,2,1531.15,0.0196,Direct
O01065,C0227,P005,2025-07-22,5,532.44,0.093,Direct
O01066,C0100,P012,2025-07-23,4,166.15,0.0038,Web
O01067,C0039,P020,2025-07-31,1,286.13,0.0462,Direct
O01068,C0147,P016,2025-07-01,1,156.78,0.0775,Partner
O01069,C0278,P020,2025-07-01,5,343.73,0.0721,Web
O01070,C0108,P001,2025-07-21,5,1458.43,0.0878,Direct
O01071,C0080,P002,2025-07-24,5,939.69,0.1133,Direct
O01072,C0047,P002,2025-07-26,2,1153.23,0.0887,Web
O01073,C0085,P020,2025-07-23,2,333.58,0.0422,Direct
O01074,C0162,P014,2025-07-01,1,154.49,0.0897,Direct
O01075,C0269,P004,2025-07-01,5,1405.54,0.0214,Partner
O01076,C0194,P009,2025-07-02,1,213.11,0.0133,Web
O01077,C0013,P003,2025-07-05,4,1370.53,0.0972,Partner
O01078,C0239,P010,2025-07-17,5,349.45,0.0759,Web
O01079,C0194,P002,2025-07-02,5,940.92,0.0819,Direct
O01080,C0039,P019,2025-07-14,1,389.45,0.1199,Web
O01081,C0228,P001,2025-07-01,1,1420.28,0.0439,Web
O01082,C0266,P006,2025-07-28,4,647.26,0.0495,Partner
O01083,C0189,P015,2025-07-26,2,92.97,0.0285,Direct
O01084,C0098,P010,2025-07-08,2,466.23,0.0368,Partner
O01085,C0069,P001,2025-07-19,2,1331.01,0.0608,Direct
O01086,C0034,P010,2025-07-28,2,385.24,0.0202,Direct
O01087,C0143,P009,2025-07-21,4,206.84,0.0121,Partner
O01088,C0162,P002,2025-07-11,4,907.02,0.1177,Direct
O01089,C0187,P004,2025-07-20,1,1227.06,0.0684,Direct
O01090,C0134,P006,2025-07-14,2,777.13,0.0338,Web
O01091,C0256,P019,2025-07-28,2,341.94,0.1145,Partner
O01092,C0244,P015,2025-07-27,3,88.72,0.0416,Direct
O01093,C0125,P017,2025-07-15,4,251.45,0.0728,Direct
O01094,C0111,P015,2025-07-30,1,89.63,0.0718,Web
O01095,C0131,P012,2025-07-22,3,156.16,0.1166,Web
O01096,C0187,P016,2025-07-15,1,127.34,0.0077,Partner
O01097,C0100,P008,2025-07-27,1,648.47,0.1055,Direct
O01098,C0091,P012,2025-07-21,2,148.28,0.1115,Web
O01099,C0078,P008,2025-07-24,1,548.51,0.1119,Direct
O01100,C0075,P013,2025-07-05,5,108.88,0.1055,Direct
O01101,C0019,P003,2025-07-27,1,1609.77,0.1035,Partner
O01102,C0098,P001,2025-07-31,1,1582.91,0.1021,Web
O01103,C0217,P016,2025-07-30,4,131.75,0.0389,Direct
O01104,C0216,P015,2025-07-30,3,90.19,0.0354,Partner
O01105,C0173,P010,2025-07-09,4,393.88,0.0949,Partner
O01106,C0176,P012,2025-07-18,5,175.39,0.1098,Web
O01107,C0011,P009,2025-07-13,3,199.04,0.0638,Web
O01108,C0021,P006,2025-07-29,3,746.41,0.0668,Partner
O01109,C0021,P002,2025-07-19,3,1017.87,0.0851,Direct
O01110,C0015,P010,2025-07-09,4,424.16,0.0753,Partner
O01111,C0262,P005,2025-07-31,3,641.71,0.0727,Web
O01112,C0021,P013,2025-07-10,2,126.97,0.0737,Direct
O01113,C0278,P001,2025-07-03,4,1611.86,0.0922,Partner
O01114,C0018,P013,2025-07-14,2,108.3,0.0505,Web
O01115,C0046,P002,2025-07-04,1,1101.11,0.0315,Partner
O01116,C0214,P010,2025-07-18,1,389.13,0.0956,Web
O01117,C0190,P016,2025-07-24,2,142.63,0.0273,Web
O01118,C0175,P017,2025-07-14,5,241.1,0.106,Web
O01119,C0040,P009,2025-07-30,3,191.37,0.0346,Partner
O01120,C0061,P015,2025-07-25,4,77.39,0.0896,Partner
O01121,C0223,P009,2025-07-02,1,202.61,0.0156,Direct
O01122,C0063,P020,2025-07-08,5,340.12,0.0789,Partner
O01123,C0208,P017,2025-07-20,4,302.76,0.0434,Partner
O01124,C0165,P005,2025-07-29,4,512.68,0.0694,Direct
O01125,C0087,P016,2025-07-27,2,153.81,0.0448,Direct
O01126,C0052,P015,2025-07-14,5,73.92,0.0084,Direct
O01127,C0193,P004,2025-07-03,4,1573.28,0.0655,Partner
O01128,C0032,P005,2025-07-27,3,625.13,0.0349,Direct
O01129,C0053,P003,2025-07-11,5,1799.03,0.0064,Direct
O01130,C0248,P001,2025-07-02,5,1623.7,0.0644,Web
O01131,C0027,P009,2025-07-20,5,223.42,0.0069,Partner
O01132,C0185,P011,2025-07-18,5,88.45,0.0823,Partner
O01133,C0193,P003,2025-07-05,1,1784.1,0.1196,Direct
O01134,C0030,P020,2025-07-24,4,257.14,0.0082,Web
O01135,C0202,P018,2025-07-31,5,79.86,0.0781,Partner
O01136,C0097,P009,2025-07-10,2,185.7,0.1064,Partner
O01137,C0041,P014,2025-07-29,5,133.46,0.1143,Partner
O01138,C0184,P020,2025-07-29,1,288.87,0.0863,Partner
O01139,C0009,P013,2025-07-16,4,137.29,0.0816,Partner
O01140,C0021,P001,2025-07-30,5,1728.36,0.1161,Web
O01141,C0070,P001,2025-07-07,2,1624.23,0.0903,Partner
O01142,C0026,P007,2025-07-05,2,598.16,0.0288,Direct
O01143,C0006,P002,2025-07-11,1,1185.27,0.0894,Partner
O01144,C0280,P017,2025-07-13,4,256.89,0.074,Direct
O01145,C0194,P008,2025-07-27,4,677.02,0.1051,Partner
O01146,C0073,P020,2025-07-07,2,254.45,0.0849,Direct
O01147,C0201,P011,2025-07-27,4,65.71,0.1195,Direct
O01148,C0299,P004,2025-07-27,1,1272.51,0.0885,Direct
O01149,C0244,P018,2025-07-24,5,78.21,0.0556,Partner
O01150,C0246,P003,2025-07-05,2,1402.17,0.0926,Partner
O01151,C0031,P013,2025-07-18,3,137.7,0.0792,Direct
O01152,C0119,P018,2025-07-19,4,76.99,0.0677,Direct
O01153,C0185,P011,2025-07-12,4,81.4,0.0996,Direct
O01154,C0019,P007,2025-07-16,5,514.53,0.0815,Partner
O01155,C0153,P015,2025-07-13,3,96.8,0.036,Direct
O01156,C0061,P007,2025-07-13,2,638.68,0.1015,Direct
O01157,C0144,P015,2025-07-15,1,84.24,0.019,Web
O01158,C0207,P015,2025-07-17,2,96.75,0.0805,Web
O01159,C0266,P006,2025-07-08,2,772.2,0.0659,Partner
O01160,C0029,P019,2025-07-16,5,376.81,0.0238,Partner
O01161,C0082,P008,2025-07-05,2,568.21,0.0681,Partner
O01162,C0139,P003,2025-07-30,4,1458.64,0.012,Partner
O01163,C0289,P016,2025-07-30,5,153.63,0.0028,Partner
O01164,C0076,P009,2025-07-26,4,206.16,0.0616,Web
O01165,C0134,P012,2025-07-09,2,173.6,0.0037,Partner
O01166,C0194,P014,2025-07-21,5,142.31,0.0992,Partner
O01167,C0141,P015,2025-07-18,1,79.21,0.0765,Web
O01168,C0087,P012,2025-07-05,3,149.19,0.0573,Web
O01169,C0164,P013,2025-07-07,1,129.83,0.0337,Direct
O01170,C0094,P005,2025-07-25,3,665.6,0.0591,Web
O01171,C0115,P001,2025-07-30,2,1324.45,0.1011,Direct
O01172,C0026,P003,2025-07-19,5,1618.63,0.1017,Partner
O01173,C0159,P001,2025-07-14,4,1303.8,0.1009,Partner
O01174,C0159,P020,2025-07-26,2,253.43,0.0166,Web
O01175,C0235,P016,2025-07-05,3,154.44,0.0763,Partner
O01176,C0188,P012,2025-07-05,4,193.72,0.0126,Web
O01177,C0166,P011,2025-07-21,2,70.2,0.0714,Direct
O01178,C0240,P018,2025-07-27,4,65.95,0.0559,Partner
O01179,C0211,P001,2025-07-15,4,1396.35,0.0674,Web
O01180,C0051,P011,2025-07-26,4,85.77,0.0055,Partner
O01181,C0035,P020,2025-07-03,2,281.72,0.0299,Direct
O01182,C0081,P005,2025-07-08,1,556.7,0.0787,Direct
O01183,C0290,P017,2025-07-12,4,278.09,0.0177,Web
O01184,C0245,P018,2025-07-09,3,60.38,0.0801,Web
O01185,C0160,P008,2025-07-16,4,583.85,0.0547,Partner
O01186,C0138,P017,2025-07-14,3,282.29,0.0655,Web
O01187,C0026,P002,2025-07-03,4,976.07,0.0017,Direct
O01188,C0047,P020,2025-07-10,1,320.32,0.0289,Direct
O01189,C0023,P016,2025-07-10,2,142.55,0.0959,Web
O01190,C0116,P008,2025-07-17,4,716.82,0.1163,Web
O01191,C0205,P005,2025-07-01,4,547.31,0.0192,Partner
O01192,C0200,P019,2025-07-17,1,421.68,0.0404,Direct
O01193,C0188,P014,2025-07-17,2,127.77,0.0454,Partner
O01194,C0286,P020,2025-07-04,4,319.66,0.1156,Direct
O01195,C0140,P019,2025-07-30,3,364.51,0.0697,Partner
O01196,C0245,P002,2025-07-26,2,1027.01,0.0143,Partner
O01197,C0179,P012,2025-07-20,1,143.34,0.0598,Direct
O01198,C0197,P020,2025-07-25,2,336.65,0.0912,Partner
O01199,C0292,P015,2025-07-23,1,91.88,0.0145,Partner
O01200,C0018,P020,2025-07-26,3,325.28,0.1139,Web
O01201,C0295,P019,2025-08-04,1,428.14,0.1974,Partner
O01202,C0048,P004,2025-08-29,3,1240.16,0.1316,Partner
O01203,C0141,P004,2025-08-15,1,1620.61,0.1052,Web
O01204,C0089,P006,2025-08-14,5,723.21,0.0808,Partner
O01205,C0234,P020,2025-08-18,3,289.62,0.135,Partner
O01206,C0084,P011,2025-08-14,4,77.33,0.1019,Web
O01207,C0072,P001,2025-08-08,1,1312.55,0.0685,Direct
O01208,C0267,P014,2025-08-13,5,133.39,0.1362,Partner
O01209,C0105,P018,2025-08-19,3,64.38,0.0347,Web
O01210,C0276,P002,2025-08-01,3,932.33,0.0973,Web
O01211,C0160,P014,2025-08-03,2,129.08,0.1027,Direct
O01212,C0011,P013,2025-08-03,4,104.91,0.096,Web
O01213,C0151,P007,2025-08-02,2,645.33,0.0893,Partner
O01214,C0185,P013,2025-08-31,1,116.17,0.0078,Web
O01215,C0165,P014,2025-08-17,1,153.41,0.0237,Direct
O01216,C0251,P010,2025-08-30,5,468.31,0.0981,Partner
O01217,C0116,P013,2025-08-07,1,116.5,0.0313,Direct
O01218,C0128,P016,2025-08-12,3,120.21,0.2008,Partner
O01219,C0001,P002,2025-08-31,2,1107.43,0.041,Direct
O01220,C0101,P007,2025-08-01,5,606.47,0.014,Web
O01221,C0091,P014,2025-08-26,4,138.86,0.0395,Web
O01222,C0289,P006,2025-08-06,5,721.18,0.0227,Web
O01223,C0051,P003,2025-08-13,4,1669.23,0.078,Direct
O01224,C0103,P019,2025-08-23,5,418.81,0.1809,Partner
O01225,C0113,P007,2025-08-16,3,518.99,0.1432,Partner
O01226,C0002,P019,2025-08-22,1,388.03,0.0409,Web
O01227,C0173,P019,2025-08-31,4,393.18,0.1444,Partner
O01228,C0209,P020,2025-08-14,2,290.02,0.0514,Direct
O01229,C0132,P020,2025-08-31,4,286.7,0.0446,Direct
O01230,C0012,P012,2025-08-26,2,176.9,0.0238,Direct
O01231,C0218,P015,2025-08-02,2,91.78,0.0733,Web
O01232,C0043,P006,2025-08-16,3,623.01,0.1382,Partner
O01233,C0236,P005,2025-08-14,3,671.36,0.1508,Partner
O01234,C0170,P006,2025-08-05,2,778.07,0.0475,Direct
O01235,C0092,P001,2025-08-11,5,1261.81,0.09,Web
O01236,C0180,P007,2025-08-05,2,606.19,0.0835,Direct
O01237,C0063,P010,2025-08-02,3,365.52,0.0678,Direct
O01238,C0157,P004,2025-08-16,5,1304.06,0.0543,Web
O01239,C0134,P019,2025-08-14,3,420.55,0.1116,Partner
O01240,C0023,P010,2025-08-21,5,449.25,0.0679,Direct
O01241,C0193,P005,2025-08-16,1,633.25,0.02,Direct
O01242,C0283,P020,2025-08-20,2,288.66,0.1,Web
O01243,C0066,P010,2025-08-31,2,459.28,0.1104,Web
O01244,C0035,P011,2025-08-08,4,85.96,0.0166,Direct
O01245,C0017,P015,2025-08-05,3,98.11,0.0904,Partner
O01246,C0012,P001,2025-08-15,5,1355.97,0.1631,Partner
O01247,C0009,P001,2025-08-06,4,1350.42,0.0788,Direct
O01248,C0019,P016,2025-08-09,4,131.98,0.0921,Partner
O01249,C0252,P012,2025-08-12,3,194.14,0.1268,Partner
O01250,C0215,P019,2025-08-29,5,442.42,0.0984,Partner
O01251,C0239,P017,2025-08-26,4,249.74,0.2151,Partner
O01252,C0154,P012,2025-08-06,4,180.36,0.0107,Web
O01253,C0207,P018,2025-08-11,2,75.79,0.0188,Web
O01254,C0287,P005,2025-08-22,1,578.26,0.1544,Partner
O01255,C0212,P011,2025-08-23,4,69.35,0.0454,Direct
O01256,C0034,P013,2025-08-06,2,135.25,0.1611,Partner
O01257,C0125,P007,2025-08-15,3,690.97,0.0611,Direct
O01258,C0223,P009,2025-08-14,2,189.81,0.0181,Direct
O01259,C0213,P018,2025-08-13,5,79.84,0.1432,Partner
O01260,C0192,P020,2025-08-23,3,300.31,0.0827,Web
O01261,C0231,P019,2025-08-28,4,371.72,0.0328,Web
O01262,C0104,P019,2025-08-16,1,376.65,0.0418,Direct
O01263,C0193,P012,2025-08-20,1,188.57,0.0431,Direct
O01264,C0066,P012,2025-08-22,1,189.24,0.0062,Direct
O01265,C0293,P015,2025-08-21,2,79.48,0.1215,Partner
O01266,C0093,P011,2025-08-22,3,85.63,0.1722,Partner
O01267,C0226,P005,2025-08-29,5,533.99,0.0154,Web
O01268,C0065,P004,2025-08-20,3,1307.43,0.0987,Partner
O01269,C0181,P016,2025-08-17,4,121.29,0.0668,Direct
O01270,C0052,P006,2025-08-01,1,740.67,0.1073,Partner
O01271,C0216,P020,2025-08-14,2,315.78,0.0254,Web
O01272,C0228,P010,2025-08-30,3,408.35,0.0189,Web
O01273,C0139,P006,2025-08-20,5,781.39,0.0409,Web
O01274,C0200,P017,2025-08-03,2,226.7,0.0137,Direct
O01275,C0123,P011,2025-08-10,1,73.93,0.1418,Partner
O01276,C0276,P013,2025-08-13,4,121.52,0.0377,Web
O01277,C0257,P013,2025-08-25,3,137.85,0.1973,Partner
O01278,C0072,P005,2025-08-22,2,571.11,0.1757,Partner
O01279,C0228,P008,2025-08-09,2,613.34,0.0328,Web
O01280,C0224,P011,2025-08-23,1,76.45,0.1798,Partner
O01281,C0072,P016,2025-08-13,4,126.36,0.0667,Web
O01282,C0079,P016,2025-08-30,4,153.75,0.1362,Partner
O01283,C0183,P020,2025-08-29,3,262.22,0.0864,Partner
O01284,C0132,P007,2025-08-11,3,650.95,0.1451,Partner
O01285,C0262,P016,2025-08-01,5,154.77,0.0305,Web
O01286,C0007,P020,2025-08-09,2,317.35,0.1019,Direct
O01287,C0052,P018,2025-08-06,1,69.47,0.0566,Web
O01288,C0177,P019,2025-08-11,1,390.23,0.1053,Direct
O01289,C0231,P002,2025-08-28,5,884.95,0.1624,Partner
O01290,C0236,P005,2025-08-06,4,625.64,0.0179,Direct
O01291,C0145,P016,2025-08-03,4,123.81,0.1226,Partner
O01292,C0138,P002,2025-08-07,5,987.73,0.2199,Partner
O01293,C0096,P001,2025-08-14,3,1287.36,0.0329,Web
O01294,C0210,P002,2025-08-14,3,928.38,0.0972,Partner
O01295,C0177,P011,2025-08-05,4,86.15,0.1145,Partner
O01296,C0159,P007,2025-08-27,1,506.7,0.1583,Partner
O01297,C0215,P007,2025-08-29,5,547.62,0.1008,Web
O01298,C0052,P009,2025-08-27,3,176.94,0.1051,Web
O01299,C0073,P011,2025-08-19,2,66.49,0.1133,Direct
O01300,C0206,P013,2025-08-16,4,125.96,0.1078,Direct
O01301,C0209,P012,2025-08-08,4,173.86,0.1406,Partner
O01302,C0137,P016,2025-08-31,3,158.03,0.0985,Direct
O01303,C0181,P016,2025-08-18,1,136.07,0.0309,Web
O01304,C0291,P018,2025-08-16,2,65.04,0.0832,Web
O01305,C0135,P017,2025-08-28,5,256.05,0.1142,Partner
O01306,C0028,P009,2025-08-01,3,174.92,0.0326,Web
O01307,C0052,P016,2025-08-17,1,153.74,0.0265,Web
O01308,C0004,P015,2025-08-08,3,88.45,0.0134,Web
O01309,C0296,P004,2025-08-01,3,1554.55,0.0294,Web
O01310,C0242,P007,2025-08-01,2,585.11,0.0015,Web
O01311,C0274,P014,2025-08-21,3,135.75,0.084,Direct
O01312,C0019,P018,2025-08-18,4,77.75,0.1168,Partner
O01313,C0038,P015,2025-08-22,4,84.82,0.0028,Web
O01314,C0066,P008,2025-08-20,4,533.19,0.0901,Partner
O01315,C0009,P019,2025-08-20,2,400.55,0.1187,Web
O01316,C0161,P012,2025-08-12,5,173.49,0.2142,Partner
O01317,C0236,P010,2025-08-26,2,455.36,0.0163,Direct
O01318,C0080,P015,2025-08-25,4,87.49,0.1069,Partner
O01319,C0254,P009,2025-08-20,2,201.39,0.0522,Web
O01320,C0044,P010,2025-08-28,5,341.3,0.144,Partner
O01321,C0198,P018,2025-08-10,3,78.51,0.0267,Direct
O01322,C0284,P018,2025-08-18,2,70.27,0.0541,Direct
O01323,C0018,P019,2025-08-23,5,374.65,0.1191,Partner
O01324,C0038,P015,2025-08-18,3,80.36,0.0748,Direct
O01325,C0295,P004,2025-08-14,3,1388.74,0.02,Direct
O01326,C0182,P005,2025-08-05,1,645.69,0.0374,Direct
O01327,C0190,P014,2025-08-17,5,162.8,0.1009,Direct
O01328,C0139,P009,2025-08-12,1,195.26,0.0155,Direct
O01329,C0132,P009,2025-08-03,1,185.67,0.0902,Web
O01330,C0242,P012,2025-08-27,4,184.48,0.0118,Direct
O01331,C0294,P001,2025-08-09,3,1640.59,0.1265,Partner
O01332,C0114,P002,2025-08-01,4,901.7,0.0118,Direct
O01333,C0184,P012,2025-08-14,3,178.65,0.0824,Partner
O01334,C0233,P019,2025-08-14,3,327.15,0.0958,Web
O01335,C0266,P010,2025-08-19,2,342.37,0.1628,Partner
O01336,C0202,P008,2025-08-20,5,683.32,0.1466,Partner
O01337,C0246,P009,2025-08-29,2,206.27,0.0558,Web
O01338,C0159,P009,2025-08-13,5,203.92,0.1297,Partner
O01339,C0216,P009,2025-08-18,2,208.54,0.0073,Web
O01340,C0156,P011,2025-08-23,4,82.74,0.1016,Direct
O01341,C0118,P008,2025-08-07,4,632.0,0.0758,Web
O01342,C0231,P006,2025-08-18,1,650.92,0.0489,Direct
O01343,C0199,P011,2025-08-24,2,85.96,0.1882,Partner
O01344,C0287,P010,2025-08-25,5,359.05,0.0343,Direct
O01345,C0106,P003,2025-08-19,3,1444.05,0.1688,Partner
O01346,C0038,P020,2025-08-21,2,344.59,0.0588,Web
O01347,C0011,P013,2025-08-23,3,101.64,0.1033,Direct
O01348,C0223,P011,2025-08-20,3,70.03,0.1169,Direct
O01349,C0125,P005,2025-08-28,1,603.34,0.118,Web
O01350,C0210,P020,2025-08-23,1,284.71,0.1642,Partner
O01351,C0024,P006,2025-08-11,3,661.62,0.1144,Web
O01352,C0117,P015,2025-08-13,3,77.58,0.1272,Partner
O01353,C0075,P008,2025-08-26,2,535.73,0.0261,Direct
O01354,C0026,P008,2025-08-17,3,585.39,0.1525,Partner
O01355,C0014,P014,2025-08-10,3,159.84,0.1594,Partner
O01356,C0110,P006,2025-08-16,3,618.58,0.0394,Direct
O01357,C0202,P004,2025-08-03,1,1462.03,0.1357,Partner
O01358,C0283,P020,2025-08-14,5,277.19,0.1652,Partner
O01359,C0189,P014,2025-08-07,2,128.83,0.0252,Direct
O01360,C0039,P019,2025-08-01,3,393.1,0.1137,Web
O01361,C0113,P012,2025-08-21,4,157.68,0.1469,Partner
O01362,C0223,P017,2025-08-31,5,257.96,0.1846,Partner
O01363,C0181,P014,2025-08-29,4,163.3,0.1063,Direct
O01364,C0196,P007,2025-08-19,4,649.71,0.0949,Direct
O01365,C0130,P012,2025-08-17,2,149.39,0.0313,Direct
O01366,C0098,P020,2025-08-08,4,323.19,0.1603,Partner
O01367,C0208,P014,2025-08-21,4,171.13,0.0676,Web
O01368,C0086,P015,2025-08-16,5,89.6,0.0716,Web
O01369,C0120,P016,2025-08-26,4,146.81,0.1801,Partner
O01370,C0180,P020,2025-08-04,2,314.06,0.1804,Partner
O01371,C0147,P008,2025-08-10,3,587.49,0.2073,Partner
O01372,C0056,P013,2025-08-13,3,104.91,0.0678,Direct
O01373,C0165,P005,2025-08-28,3,590.1,0.0928,Direct
O01374,C0078,P020,2025-08-18,2,253.41,0.0985,Direct
O01375,C0063,P017,2025-08-18,4,311.74,0.1159,Web
O01376,C0230,P008,2025-08-20,5,635.27,0.0065,Web
O01377,C0002,P002,2025-08-08,1,958.27,0.207,Partner
O01378,C0239,P018,2025-08-23,5,68.28,0.1037,Direct
O01379,C0222,P016,2025-08-01,5,141.53,0.0634,Web
O01380,C0140,P017,2025-08-02,1,224.79,0.154,Partner
O01381,C0022,P020,2025-08-26,1,322.7,0.0292,Direct
O01382,C0119,P001,2025-08-01,3,1521.43,0.2181,Partner
O01383,C0295,P008,2025-08-09,3,533.29,0.1531,Partner
O01384,C0079,P013,2025-08-28,5,101.08,0.0275,Direct
O01385,C0068,P004,2025-08-25,1,1449.85,0.0123,Direct
O01386,C0267,P019,2025-08-21,1,341.84,0.0919,Partner
O01387,C0074,P020,2025-08-13,5,288.98,0.1256,Partner
O01388,C0093,P020,2025-08-07,2,287.7,0.0515,Direct
O01389,C0039,P009,2025-08-10,5,176.65,0.0701,Web
O01390,C0054,P001,2025-08-09,1,1276.51,0.0452,Direct
O01391,C0243,P015,2025-08-03,5,86.02,0.0849,Direct
O01392,C0070,P008,2025-08-17,2,676.06,0.0554,Direct
O01393,C0073,P020,2025-08-08,1,346.54,0.0971,Direct
O01394,C0239,P006,2025-08-20,5,797.51,0.1844,Partner
O01395,C0086,P006,2025-08-17,2,729.7,0.1603,Partner
O01396,C0230,P015,2025-08-09,1,87.55,0.127,Partner
O01397,C0075,P001,2025-08-27,2,1373.32,0.1601,Partner
O01398,C0086,P002,2025-08-20,5,1066.18,0.0405,Web
O01399,C0047,P020,2025-08-25,3,318.79,0.0638,Direct
O01400,C0269,P009,2025-08-22,3,182.64,0.1713,Partner
O01401,C0124,P001,2025-08-31,5,1678.43,0.0349,Web
O01402,C0101,P011,2025-08-27,5,71.22,0.1431,Partner
O01403,C0199,P004,2025-08-18,3,1303.05,0.1747,Partner
O01404,C0074,P015,2025-08-05,5,85.88,0.0855,Web
O01405,C0229,P003,2025-08-11,5,1729.24,0.1275,Partner
O01406,C0218,P013,2025-08-18,2,130.73,0.2199,Partner
O01407,C0175,P017,2025-08-14,4,301.59,0.1145,Web
O01408,C0053,P013,2025-08-14,2,124.1,0.0958,Web
O01409,C0281,P010,2025-08-15,4,362.94,0.0641,Direct
O01410,C0155,P012,2025-08-23,1,176.28,0.043,Web
O01411,C0003,P004,2025-08-14,5,1587.33,0.1255,Partner
O01412,C0135,P015,2025-08-12,2,75.45,0.0483,Web
O01413,C0082,P008,2025-08-15,1,647.8,0.0632,Web
O01414,C0169,P011,2025-08-25,2,87.76,0.0157,Web
O01415,C0266,P015,2025-08-28,4,84.48,0.1281,Partner
O01416,C0295,P013,2025-08-13,5,123.01,0.0049,Web
O01417,C0055,P014,2025-08-31,3,165.18,0.079,Direct
O01418,C0245,P002,2025-08-22,5,1117.4,0.033,Direct
O01419,C0063,P006,2025-08-16,1,740.46,0.0163,Direct
O01420,C0033,P001,2025-08-10,2,1341.3,0.1186,Direct
O01421,C0096,P006,2025-08-19,1,703.75,0.1648,Partner
O01422,C0115,P014,2025-08-15,5,168.16,0.1597,Partner
O01423,C0092,P015,2025-08-05,5,87.15,0.2182,Partner
O01424,C0063,P017,2025-08-19,5,272.74,0.152,Partner
O01425,C0257,P013,2025-08-13,3,103.01,0.1428,Partner
O01426,C0213,P002,2025-08-28,4,1156.0,0.1565,Partner
O01427,C0008,P013,2025-08-12,1,113.99,0.0755,Web
O01428,C0113,P018,2025-08-29,3,59.53,0.1135,Partner
O01429,C0212,P016,2025-08-15,2,144.18,0.0735,Web
O01430,C0215,P003,2025-08-05,4,1412.12,0.2105,Partner
O01431,C0275,P017,2025-08-06,1,276.28,0.1062,Partner
O01432,C0084,P017,2025-08-05,4,282.75,0.1181,Direct
O01433,C0205,P003,2025-08-24,5,1685.85,0.0548,Direct
O01434,C0265,P011,2025-08-17,2,74.98,0.0087,Direct
O01435,C0236,P004,2025-08-04,2,1338.95,0.0336,Web
O01436,C0186,P008,2025-08-06,3,690.97,0.1165,Direct
O01437,C0141,P008,2025-08-30,1,520.24,0.0471,Web
O01438,C0218,P009,2025-08-31,1,195.95,0.1188,Partner
O01439,C0133,P006,2025-08-18,5,700.64,0.079,Web
O01440,C0271,P014,2025-08-16,5,132.27,0.1082,Direct
O01441,C0167,P007,2025-08-23,5,510.48,0.0377,Direct
O01442,C0107,P011,2025-08-09,3,66.79,0.0044,Direct
O01443,C0051,P020,2025-08-26,3,299.72,0.1338,Partner
O01444,C0045,P007,2025-08-21,2,595.34,0.1878,Partner
O01445,C0270,P017,2025-08-26,1,232.9,0.0203,Direct
O01446,C0275,P019,2025-08-10,3,423.32,0.1551,Partner
O01447,C0246,P012,2025-08-14,1,144.36,0.1149,Direct
O01448,C0110,P009,2025-08-12,4,230.49,0.0075,Direct
O01449,C0037,P017,2025-08-16,3,236.23,0.0041,Direct
O01450,C0082,P001,2025-08-07,1,1613.59,0.1027,Web
O01451,C0270,P009,2025-08-30,2,234.16,0.0923,Direct
O01452,C0080,P008,2025-08-16,4,623.86,0.0016,Direct
O01453,C0289,P013,2025-08-10,3,109.58,0.1871,Partner
O01454,C0029,P013,2025-08-21,4,134.81,0.1089,Partner
O01455,C0265,P011,2025-08-04,1,66.17,0.0237,Web
O01456,C0153,P016,2025-08-06,3,159.53,0.0194,Web
O01457,C0181,P019,2025-08-20,5,398.93,0.1802,Partner
O01458,C0004,P010,2025-08-03,5,384.6,0.0268,Web
O01459,C0276,P018,2025-08-23,5,75.9,0.1016,Partner
O01460,C0196,P014,2025-08-12,2,149.38,0.0587,Web
O01461,C0076,P008,2025-08-09,3,636.38,0.1147,Web
O01462,C0218,P017,2025-08-04,5,283.37,0.0579,Direct
O01463,C0174,P002,2025-08-22,5,1199.83,0.0004,Direct
O01464,C0059,P017,2025-08-19,2,240.61,0.0977,Web
O01465,C0110,P011,2025-08-14,2,76.73,0.0576,Direct
O01466,C0132,P019,2025-08-16,3,432.96,0.066,Web
O01467,C0230,P008,2025-08-15,4,566.89,0.0023,Web
O01468,C0008,P020,2025-08-31,3,327.12,0.013,Web
O01469,C0270,P016,2025-08-15,2,137.13,0.1726,Partner
O01470,C0155,P016,2025-08-06,3,134.46,0.0639,Web
O01471,C0220,P020,2025-08-05,5,313.01,0.1617,Partner
O01472,C0167,P002,2025-08-22,4,1117.66,0.0615,Direct
O01473,C0262,P015,2025-08-17,2,74.05,0.0883,Partner
O01474,C0143,P005,2025-08-06,2,525.24,0.0937,Direct
O01475,C0231,P009,2025-08-07,1,174.68,0.0922,Partner
O01476,C0014,P008,2025-08-30,4,616.76,0.0987,Direct
O01477,C0040,P007,2025-08-08,5,576.25,0.0778,Direct
O01478,C0168,P008,2025-08-17,3,523.89,0.0957,Partner
O01479,C0003,P018,2025-08-20,4,66.08,0.0265,Direct
O01480,C0276,P008,2025-08-10,3,687.87,0.2051,Partner
O01481,C0275,P008,2025-08-31,1,602.92,0.0355,Web
O01482,C0012,P014,2025-08-29,1,174.7,0.171,Partner
O01483,C0286,P003,2025-08-17,2,1345.6,0.1177,Web
O01484,C0009,P001,2025-08-12,5,1374.52,0.1986,Partner
O01485,C0052,P017,2025-08-19,3,258.59,0.0175,Direct
O01486,C0186,P010,2025-08-12,1,458.34,0.195,Partner
O01487,C0243,P013,2025-08-16,5,113.13,0.1785,Partner
O01488,C0181,P020,2025-08-31,1,302.09,0.0689,Direct
O01489,C0270,P020,2025-08-25,4,257.22,0.1252,Partner
O01490,C0230,P016,2025-08-21,1,133.15,0.1365,Partner
O01491,C0242,P008,2025-08-17,4,661.61,0.1013,Direct
O01492,C0222,P003,2025-08-05,4,1564.77,0.0066,Web
O01493,C0286,P019,2025-08-18,1,423.06,0.1512,Partner
O01494,C0267,P013,2025-08-04,2,101.14,0.1496,Partner
O01495,C0286,P013,2025-08-02,2,102.29,0.1098,Direct
O01496,C0211,P015,2025-08-08,1,75.35,0.0462,Web
O01497,C0101,P015,2025-08-31,5,80.01,0.154,Partner
O01498,C0069,P016,2025-08-25,2,149.65,0.0171,Web
O01499,C0168,P010,2025-08-15,5,424.47,0.1122,Web
O01500,C0139,P016,2025-08-12,3,143.08,0.0614,Web
O01501,C0298,P005,2025-08-02,5,558.2,0.1455,Partner
O01502,C0084,P020,2025-08-29,2,348.25,0.1196,Direct
O01503,C0200,P010,2025-08-24,5,339.65,0.1001,Direct
O01504,C0201,P009,2025-08-12,3,169.38,0.0509,Direct
O01505,C0127,P006,2025-08-21,2,755.24,0.0381,Direct
O01506,C0035,P013,2025-08-05,5,122.39,0.1574,Partner
O01507,C0193,P010,2025-08-18,3,360.8,0.1448,Partner
O01508,C0199,P010,2025-08-25,2,393.78,0.0283,Direct
O01509,C0087,P002,2025-08-15,3,1157.46,0.0923,Web
O01510,C0063,P018,2025-08-02,2,68.47,0.1028,Direct
O01511,C0123,P004,2025-08-25,2,1437.84,0.0182,Direct
O01512,C0136,P008,2025-08-08,4,681.53,0.0476,Direct
O01513,C0221,P010,2025-08-25,1,395.73,0.0609,Web
O01514,C0245,P019,2025-08-25,2,390.68,0.065,Direct
O01515,C0194,P008,2025-08-07,5,688.41,0.0321,Direct
O01516,C0255,P010,2025-08-29,1,352.66,0.0839,Partner
O01517,C0109,P013,2025-08-22,2,139.11,0.1157,Partner
O01518,C0191,P001,2025-08-23,5,1433.79,0.1173,Web
O01519,C0207,P002,2025-08-10,1,899.38,0.1143,Web
O01520,C0133,P006,2025-08-28,3,661.56,0.1789,Partner
O01521,C0229,P008,2025-08-27,3,558.42,0.0455,Direct
O01522,C0207,P018,2025-08-17,4,64.68,0.1798,Partner
O01523,C0154,P005,2025-08-02,3,603.08,0.1829,Partner
O01524,C0264,P009,2025-08-09,1,180.32,0.0965,Web
O01525,C0111,P011,2025-08-22,2,80.91,0.0937,Web
O01526,C0285,P001,2025-08-05,4,1539.08,0.0842,Direct
O01527,C0079,P012,2025-08-12,2,170.94,0.0791,Direct
O01528,C0141,P014,2025-08-18,4,141.58,0.1154,Partner
O01529,C0297,P006,2025-08-18,4,648.1,0.1926,Partner
O01530,C0291,P015,2025-08-03,2,93.85,0.0724,Web
O01531,C0106,P007,2025-08-29,4,647.75,0.0393,Web
O01532,C0085,P002,2025-08-19,3,905.94,0.1187,Partner
O01533,C0156,P007,2025-08-22,2,640.12,0.0656,Direct
O01534,C0176,P011,2025-08-09,1,83.6,0.1076,Partner
O01535,C0077,P018,2025-08-22,4,73.51,0.0047,Web
O01536,C0154,P016,2025-08-15,4,114.98,0.0221,Web
O01537,C0178,P015,2025-08-27,1,74.75,0.1166,Partner
O01538,C0166,P004,2025-08-21,1,1520.03,0.1165,Web
O01539,C0286,P007,2025-08-03,1,565.43,0.085,Direct
O01540,C0113,P008,2025-08-07,2,657.5,0.0791,Web
O01541,C0164,P019,2025-08-25,1,335.8,0.046,Direct
O01542,C0177,P003,2025-08-30,4,1504.55,0.0431,Direct
O01543,C0187,P019,2025-08-12,4,437.82,0.0225,Direct
O01544,C0249,P012,2025-08-12,1,195.04,0.0169,Direct
O01545,C0128,P018,2025-08-17,5,82.19,0.2039,Partner
O01546,C0281,P010,2025-08-21,3,389.51,0.0976,Web
O01547,C0175,P018,2025-08-07,1,63.41,0.0528,Web
O01548,C0207,P008,2025-08-18,1,527.04,0.0205,Web
O01549,C0187,P008,2025-08-03,2,559.62,0.0258,Web
O01550,C0054,P009,2025-08-22,1,201.63,0.0717,Direct
O01551,C0079,P019,2025-08-31,3,353.19,0.1085,Web
O01552,C0184,P018,2025-08-02,1,78.82,0.0813,Direct
O01553,C0113,P007,2025-08-09,1,687.66,0.017,Direct
O01554,C0206,P015,2025-08-05,3,97.4,0.0612,Web
O01555,C0255,P003,2025-08-16,1,1682.59,0.018,Direct
O01556,C0005,P016,2025-08-28,4,152.5,0.115,Direct
O01557,C0272,P010,2025-08-13,2,457.06,0.2098,Partner
O01558,C0230,P006,2025-08-30,5,844.14,0.1733,Partner
O01559,C0258,P012,2025-08-17,5,145.18,0.201,Partner
O01560,C0107,P004,2025-08-15,3,1267.26,0.1142,Web
O01561,C0170,P019,2025-08-01,2,320.12,0.1886,Partner
O01562,C0167,P017,2025-08-27,3,277.51,0.2152,Partner
O01563,C0215,P015,2025-08-16,2,73.54,0.0289,Web
O01564,C0212,P008,2025-08-20,3,552.74,0.1169,Partner
O01565,C0286,P010,2025-08-28,2,402.01,0.0464,Direct
O01566,C0290,P013,2025-08-19,1,115.78,0.159,Partner
O01567,C0101,P001,2025-08-30,5,1459.68,0.1489,Partner
O01568,C0252,P005,2025-08-13,1,642.6,0.0549,Web
O01569,C0281,P006,2025-08-16,4,851.69,0.1569,Partner
O01570,C0123,P016,2025-08-29,5,146.3,0.211,Partner
O01571,C0178,P013,2025-08-04,2,129.72,0.1058,Direct
O01572,C0074,P012,2025-08-24,4,192.5,0.0188,Direct
O01573,C0039,P010,2025-08-07,1,468.4,0.1394,Partner
O01574,C0072,P010,2025-08-31,4,402.22,0.0011,Direct
O01575,C0077,P020,2025-08-10,5,271.79,0.0738,Direct
O01576,C0175,P004,2025-08-26,3,1595.33,0.0208,Web
O01577,C0143,P003,2025-08-28,2,1375.84,0.0317,Web
O01578,C0014,P018,2025-08-03,3,71.53,0.1433,Partner
O01579,C0281,P006,2025-08-08,1,795.55,0.1816,Partner
O01580,C0009,P007,2025-08-27,5,619.68,0.1643,Partner
O01581,C0094,P007,2025-08-23,5,645.03,0.0978,Partner
O01582,C0176,P008,2025-08-13,2,661.45,0.1327,Partner
O01583,C0175,P015,2025-08-13,1,101.23,0.1299,Partner
O01584,C0209,P013,2025-08-14,5,127.3,0.1083,Direct
O01585,C0240,P017,2025-08-03,2,262.37,0.1575,Partner
O01586,C0231,P008,2025-08-09,1,565.86,0.034,Web
O01587,C0106,P013,2025-08-05,3,111.37,0.0248,Direct
O01588,C0028,P012,2025-08-17,2,172.06,0.204,Partner
O01589,C0187,P020,2025-08-09,5,272.22,0.0289,Web
O01590,C0122,P012,2025-08-08,1,152.37,0.0458,Direct
O01591,C0201,P015,2025-08-26,5,79.42,0.0471,Direct
O01592,C0206,P013,2025-08-17,1,104.09,0.2051,Partner
O01593,C0188,P013,2025-08-30,3,116.88,0.1157,Partner
O01594,C0157,P001,2025-08-13,3,1708.4,0.1323,Partner
O01595,C0129,P014,2025-08-02,5,159.22,0.102,Direct
O01596,C0278,P019,2025-08-17,1,396.0,0.0255,Web
O01597,C0138,P006,2025-08-22,1,852.4,0.0311,Web
O01598,C0096,P009,2025-08-13,4,189.68,0.0765,Direct
O01599,C0290,P010,2025-08-08,5,426.32,0.0729,Web
O01600,C0019,P018,2025-08-18,1,68.82,0.0974,Web
O01601,C0098,P017,2025-08-13,2,307.43,0.0322,Direct
O01602,C0209,P005,2025-08-30,1,607.07,0.0277,Web
O01603,C0068,P019,2025-08-31,4,430.09,0.0132,Web
O01604,C0160,P014,2025-08-12,4,128.6,0.2141,Partner
O01605,C0299,P009,2025-08-25,5,178.48,0.0186,Web
O01606,C0122,P002,2025-08-13,3,916.83,0.0877,Web
O01607,C0250,P015,2025-08-21,2,96.01,0.1149,Partner
O01608,C0172,P009,2025-08-03,1,222.63,0.2116,Partner
O01609,C0199,P020,2025-08-26,5,270.2,0.0877,Direct
O01610,C0150,P005,2025-08-31,2,620.64,0.032,Direct
O01611,C0117,P010,2025-08-17,4,461.03,0.125,Partner
O01612,C0179,P009,2025-08-16,1,174.33,0.0201,Direct
O01613,C0125,P019,2025-08-30,2,348.48,0.0891,Web
O01614,C0142,P001,2025-08-22,3,1452.52,0.1743,Partner
O01615,C0088,P001,2025-08-30,2,1596.88,0.0472,Web
O01616,C0143,P016,2025-08-04,5,145.78,0.0801,Web
O01617,C0117,P020,2025-08-06,5,282.39,0.0844,Partner
O01618,C0066,P012,2025-08-29,2,188.64,0.0367,Web
O01619,C0133,P002,2025-08-16,3,890.76,0.1126,Web
O01620,C0069,P015,2025-08-18,1,97.03,0.1466,Partner
O01621,C0062,P014,2025-08-09,1,155.0,0.1098,Partner
O01622,C0248,P004,2025-08-13,1,1499.76,0.1029,Partner
O01623,C0172,P015,2025-08-10,2,97.93,0.1515,Partner
O01624,C0045,P001,2025-08-02,1,1696.11,0.1059,Direct
O01625,C0242,P006,2025-08-26,3,807.15,0.081,Direct
O01626,C0269,P005,2025-08-06,5,654.29,0.0582,Web
O01627,C0117,P012,2025-08-17,5,146.62,0.186,Partner
O01628,C0037,P010,2025-08-18,3,364.17,0.0486,Direct
O01629,C0192,P013,2025-08-13,4,134.84,0.0491,Web
O01630,C0153,P013,2025-08-04,2,113.67,0.0206,Direct
O01631,C0121,P020,2025-08-03,3,293.74,0.0679,Web
O01632,C0135,P010,2025-08-22,1,344.64,0.1556,Partner
O01633,C0167,P016,2025-08-20,5,150.53,0.1505,Partner
O01634,C0178,P017,2025-08-29,4,298.85,0.0227,Web
O01635,C0213,P018,2025-08-12,4,75.23,0.15,Partner
O01636,C0094,P003,2025-08-26,2,1846.8,0.1028,Direct
O01637,C0105,P003,2025-08-21,2,1793.0,0.0787,Web
O01638,C0108,P012,2025-08-25,3,153.02,0.215,Partner
O01639,C0179,P001,2025-08-27,1,1685.29,0.0774,Web
O01640,C0235,P010,2025-08-25,2,462.62,0.1041,Partner
O01641,C0229,P008,2025-08-25,2,597.33,0.1036,Web
O01642,C0135,P015,2025-08-04,2,96.76,0.113,Web
O01643,C0028,P005,2025-08-10,5,519.01,0.0095,Web
O01644,C0268,P014,2025-08-18,4,171.82,0.1718,Partner
O01645,C0197,P018,2025-08-02,4,70.93,0.0468,Web
O01646,C0160,P009,2025-08-14,2,220.91,0.05,Direct
O01647,C0009,P007,2025-08-02,2,658.19,0.0539,Direct
O01648,C0243,P001,2025-08-06,5,1657.76,0.0661,Web
O01649,C0232,P018,2025-08-04,5,60.54,0.0959,Direct
O01650,C0067,P019,2025-08-13,5,429.31,0.1647,Partner
O01651,C0161,P005,2025-08-29,5,588.04,0.0007,Web
O01652,C0233,P005,2025-08-19,5,611.98,0.0335,Web
O01653,C0173,P007,2025-08-09,5,671.5,0.0346,Web
O01654,C0155,P020,2025-08-13,3,307.06,0.1114,Direct
O01655,C0052,P012,2025-08-23,1,174.49,0.0439,Web
O01656,C0129,P004,2025-08-26,1,1540.27,0.1773,Partner
O01657,C0225,P007,2025-08-31,4,507.2,0.0236,Direct
O01658,C0222,P006,2025-08-04,5,844.57,0.0957,Partner
O01659,C0081,P006,2025-08-27,1,689.13,0.1169,Direct
O01660,C0155,P016,2025-08-18,5,148.15,0.0794,Direct
O01661,C0183,P014,2025-08-25,4,161.31,0.095,Web
O01662,C0202,P016,2025-08-10,3,154.13,0.0366,Web
O01663,C0077,P018,2025-08-21,2,68.85,0.0442,Web
O01664,C0141,P015,2025-08-25,1,91.93,0.2121,Partner
O01665,C0241,P010,2025-08-20,5,407.05,0.0027,Direct
O01666,C0187,P005,2025-08-19,3,550.51,0.0641,Web
O01667,C0001,P018,2025-08-19,2,62.35,0.0525,Direct
O01668,C0192,P012,2025-08-02,3,188.7,0.0548,Direct
O01669,C0023,P016,2025-08-02,4,143.85,0.1398,Partner
O01670,C0164,P002,2025-08-10,2,1212.03,0.0795,Direct
O01671,C0130,P006,2025-08-08,4,675.94,0.0195,Web
O01672,C0218,P014,2025-08-03,5,131.41,0.0761,Web
O01673,C0173,P015,2025-08-06,1,94.83,0.2111,Partner
O01674,C0063,P015,2025-08-11,4,74.92,0.0363,Direct
O01675,C0272,P010,2025-08-12,5,404.91,0.1524,Partner
O01676,C0192,P004,2025-08-15,1,1280.28,0.0471,Web
O01677,C0164,P001,2025-08-06,2,1738.8,0.0069,Web
O01678,C0102,P009,2025-08-22,4,183.84,0.0552,Web
O01679,C0194,P008,2025-08-07,5,713.59,0.0144,Direct
O01680,C0067,P006,2025-08-16,4,750.27,0.0511,Direct
O01681,C0086,P007,2025-08-16,5,684.19,0.0906,Partner
O01682,C0141,P015,2025-08-19,2,99.61,0.008,Direct
O01683,C0109,P020,2025-08-02,1,263.46,0.0875,Direct
O01684,C0201,P016,2025-08-22,4,120.39,0.1652,Partner
O01685,C0232,P018,2025-08-24,2,62.05,0.0937,Direct
O01686,C0010,P017,2025-08-16,4,254.03,0.0014,Web
O01687,C0011,P017,2025-08-17,3,238.13,0.043,Direct
O01688,C0035,P007,2025-08-18,2,541.57,0.0412,Web
O01689,C0148,P010,2025-08-06,1,341.68,0.0043,Direct
O01690,C0215,P004,2025-08-25,2,1491.48,0.0005,Direct
O01691,C0009,P006,2025-08-15,1,742.32,0.0048,Direct
O01692,C0151,P016,2025-08-24,2,137.33,0.2096,Partner
O01693,C0297,P009,2025-08-01,1,191.56,0.0268,Web
O01694,C0119,P011,2025-08-24,5,70.45,0.0645,Direct
O01695,C0106,P017,2025-08-21,4,225.44,0.1724,Partner
O01696,C0216,P013,2025-08-13,4,129.09,0.1028,Web
O01697,C0233,P012,2025-08-07,4,163.09,0.0947,Direct
O01698,C0044,P007,2025-08-09,2,532.79,0.135,Partner
O01699,C0062,P013,2025-08-26,1,111.95,0.0799,Web
O01700,C0131,P017,2025-08-31,5,275.46,0.0095,Direct
O01701,C0033,P020,2025-08-03,4,326.14,0.0811,Direct
O01702,C0138,P017,2025-08-27,2,246.0,0.0715,Web
O01703,C0051,P020,2025-08-08,2,323.55,0.0277,Web
O01704,C0198,P008,2025-08-26,5,694.25,0.1026,Direct
O01705,C0105,P016,2025-08-19,3,141.26,0.0573,Direct
O01706,C0043,P010,2025-08-06,1,374.15,0.0153,Direct
O01707,C0069,P017,2025-08-09,3,226.8,0.0946,Web
O01708,C0265,P017,2025-08-31,2,277.37,0.2148,Partner
O01709,C0286,P008,2025-08-23,5,675.2,0.0931,Direct
O01710,C0121,P010,2025-08-20,4,435.74,0.2032,Partner
O01711,C0263,P015,2025-08-01,5,78.72,0.114,Direct
O01712,C0169,P003,2025-08-18,3,1550.17,0.0098,Web
O01713,C0195,P016,2025-08-13,1,145.91,0.1051,Partner
O01714,C0047,P013,2025-08-25,2,125.16,0.0971,Web
O01715,C0179,P017,2025-08-08,5,259.81,0.018,Web
O01716,C0180,P012,2025-08-06,4,189.3,0.1148,Web
O01717,C0080,P006,2025-08-13,2,707.07,0.1024,Direct
O01718,C0021,P011,2025-08-03,2,73.8,0.0484,Direct
O01719,C0195,P012,2025-08-12,5,140.84,0.0929,Web
O01720,C0097,P018,2025-08-22,1,63.1,0.0589,Web
O01721,C0215,P019,2025-08-25,4,319.95,0.15,Partner
O01722,C0015,P013,2025-08-25,5,102.49,0.094,Web
O01723,C0211,P016,2025-08-18,2,132.16,0.0144,Web
O01724,C0096,P008,2025-08-06,5,551.39,0.1082,Web
O01725,C0235,P009,2025-08-03,5,183.25,0.0488,Direct
O01726,C0137,P007,2025-08-12,5,599.66,0.1669,Partner
O01727,C0126,P010,2025-08-07,2,408.5,0.1107,Partner
O01728,C0224,P010,2025-08-24,4,337.39,0.1282,Partner
O01729,C0136,P011,2025-08-22,4,87.94,0.0456,Web
O01730,C0183,P007,2025-08-05,1,691.75,0.0971,Direct
O01731,C0289,P006,2025-08-21,1,719.28,0.2107,Partner
O01732,C0037,P002,2025-08-24,2,1141.84,0.0834,Web
O01733,C0016,P015,2025-08-01,3,78.12,0.0354,Direct
O01734,C0104,P020,2025-08-15,4,288.0,0.0808,Direct
O01735,C0195,P001,2025-08-09,4,1367.17,0.045,Direct
O01736,C0170,P009,2025-08-06,1,201.08,0.1247,Partner
O01737,C0275,P012,2025-08-27,5,161.76,0.0993,Direct
O01738,C0095,P003,2025-08-01,1,1833.78,0.086,Web
O01739,C0188,P012,2025-08-16,3,175.67,0.1957,Partner
O01740,C0225,P007,2025-08-31,5,505.97,0.0464,Direct
O01741,C0266,P006,2025-08-26,1,701.69,0.1399,Partner
O01742,C0252,P011,2025-08-31,1,79.8,0.2023,Partner
O01743,C0078,P011,2025-08-26,1,63.71,0.0847,Direct
O01744,C0167,P015,2025-08-01,4,86.66,0.0821,Web
O01745,C0268,P008,2025-08-03,5,685.88,0.0781,Web
O01746,C0213,P017,2025-08-10,3,313.9,0.109,Direct
O01747,C0150,P015,2025-08-29,3,95.84,0.0992,Web
O01748,C0024,P008,2025-08-29,3,594.36,0.1065,Web
O01749,C0143,P008,2025-08-10,5,627.67,0.0433,Direct
O01750,C0035,P004,2025-08-12,4,1441.23,0.0369,Web
O01751,C0020,P007,2025-08-15,3,697.9,0.0472,Web
O01752,C0176,P019,2025-08-25,3,422.8,0.1114,Web
O01753,C0192,P020,2025-08-18,1,334.4,0.1028,Web
O01754,C0148,P017,2025-08-07,2,278.88,0.1302,Partner
O01755,C0180,P015,2025-08-22,2,79.83,0.0386,Web
O01756,C0202,P016,2025-08-04,3,151.57,0.0826,Direct
O01757,C0010,P008,2025-08-28,3,586.64,0.0964,Partner
O01758,C0008,P003,2025-08-09,3,1780.73,0.0632,Web
O01759,C0132,P014,2025-08-03,3,132.23,0.0267,Web
O01760,C0181,P011,2025-08-13,1,77.62,0.1164,Web
O01761,C0100,P012,2025-08-30,3,180.04,0.0876,Web
O01762,C0065,P010,2025-08-26,2,387.8,0.2178,Partner
O01763,C0115,P011,2025-08-05,3,74.5,0.1984,Partner
O01764,C0172,P014,2025-08-27,5,156.24,0.1152,Web
O01765,C0263,P009,2025-08-11,5,231.39,0.0309,Web
O01766,C0089,P014,2025-08-03,1,162.52,0.0504,Direct
O01767,C0177,P001,2025-08-24,4,1492.84,0.075,Direct
O01768,C0046,P010,2025-08-30,1,367.11,0.0811,Web
O01769,C0016,P015,2025-08-07,2,86.75,0.0441,Direct
O01770,C0108,P009,2025-08-17,4,232.32,0.0564,Web
O01771,C0275,P011,2025-08-02,1,69.33,0.0489,Web
O01772,C0261,P015,2025-08-18,5,87.91,0.0477,Web
O01773,C0184,P004,2025-08-12,1,1300.13,0.104,Partner
O01774,C0009,P005,2025-08-28,3,672.86,0.1483,Partner
O01775,C0153,P016,2025-08-20,1,133.69,0.012,Direct
O01776,C0296,P016,2025-08-31,1,148.26,0.073,Direct
O01777,C0227,P014,2025-08-20,3,140.33,0.0624,Direct
O01778,C0150,P005,2025-08-18,2,528.14,0.0352,Web
O01779,C0154,P005,2025-08-01,5,566.93,0.0423,Direct
O01780,C0253,P014,2025-08-13,5,137.96,0.0894,Web
O01781,C0285,P009,2025-08-25,1,174.57,0.0809,Partner
O01782,C0295,P020,2025-08-25,1,266.95,0.2169,Partner
O01783,C0104,P008,2025-08-29,4,522.75,0.0991,Web
O01784,C0232,P017,2025-08-13,2,230.6,0.191,Partner
O01785,C0180,P019,2025-08-07,1,355.49,0.1305,Partner
O01786,C0236,P020,2025-08-10,1,300.19,0.0841,Partner
O01787,C0080,P009,2025-08-13,3,198.76,0.0437,Web
O01788,C0249,P007,2025-08-11,1,640.47,0.0934,Direct
O01789,C0247,P006,2025-08-19,3,832.59,0.047,Direct
O01790,C0296,P004,2025-08-22,4,1553.87,0.0181,Direct
O01791,C0214,P011,2025-08-08,5,86.53,0.2021,Partner
O01792,C0227,P019,2025-08-20,1,392.97,0.0054,Web
O01793,C0257,P002,2025-08-08,2,1190.47,0.114,Direct
O01794,C0147,P005,2025-08-16,1,500.63,0.2022,Partner
O01795,C0171,P010,2025-08-25,1,390.99,0.1039,Web
O01796,C0025,P005,2025-08-13,3,500.45,0.2108,Partner
O01797,C0196,P003,2025-08-27,4,1538.53,0.0294,Web
O01798,C0005,P011,2025-08-27,3,87.06,0.0411,Direct
O01799,C0193,P006,2025-08-25,3,674.41,0.16,Partner
O01800,C0284,P018,2025-08-11,5,77.38,0.0115,Web
O01801,C0222,P007,2025-08-24,1,635.13,0.0564,Direct
O01802,C0160,P002,2025-08-02,3,1077.64,0.0749,Direct
O01803,C0015,P009,2025-08-14,4,211.2,0.0994,Web
O01804,C0167,P013,2025-08-10,4,103.21,0.0005,Direct
O01805,C0252,P006,2025-08-10,4,753.51,0.1359,Partner
O01806,C0209,P001,2025-08-25,1,1498.33,0.1286,Partner
O01807,C0217,P015,2025-08-18,2,102.37,0.0778,Web
O01808,C0021,P007,2025-08-14,1,625.62,0.0615,Direct
O01809,C0229,P007,2025-08-02,4,662.79,0.0918,Direct
O01810,C0267,P003,2025-08-22,1,1860.49,0.1603,Partner
O01811,C0070,P020,2025-08-27,1,284.34,0.0206,Web
O01812,C0130,P011,2025-08-29,3,75.63,0.0618,Direct
O01813,C0267,P017,2025-08-13,2,225.84,0.0755,Web
O01814,C0169,P006,2025-08-23,1,776.16,0.1591,Partner
O01815,C0260,P017,2025-08-14,4,284.42,0.1727,Partner
O01816,C0143,P015,2025-08-19,2,87.88,0.0152,Direct
O01817,C0210,P014,2025-08-19,2,143.53,0.0296,Direct
O01818,C0258,P012,2025-08-13,5,181.17,0.1539,Partner
O01819,C0294,P002,2025-08-09,1,1066.33,0.0244,Direct
O01820,C0234,P004,2025-08-14,2,1478.95,0.1001,Direct
O01821,C0153,P006,2025-08-06,3,723.5,0.1881,Partner
O01822,C0088,P016,2025-08-17,2,122.3,0.0676,Direct
O01823,C0286,P015,2025-08-05,2,94.37,0.0339,Direct
O01824,C0161,P007,2025-08-11,2,687.89,0.0301,Direct
O01825,C0240,P014,2025-08-02,3,132.54,0.0245,Web
O01826,C0177,P020,2025-08-28,2,253.22,0.0328,Web
O01827,C0051,P020,2025-08-29,2,270.87,0.0745,Web
O01828,C0072,P014,2025-08-04,5,126.6,0.0099,Direct
O01829,C0115,P020,2025-08-31,3,326.37,0.125,Partner
O01830,C0291,P009,2025-08-31,5,209.98,0.1848,Partner
O01831,C0079,P014,2025-08-19,3,173.68,0.1086,Web
O01832,C0286,P018,2025-08-19,3,60.98,0.0193,Direct
O01833,C0023,P004,2025-08-23,5,1257.94,0.1767,Partner
O01834,C0190,P006,2025-08-18,5,765.38,0.0684,Direct
O01835,C0061,P015,2025-08-05,1,90.85,0.0524,Web
O01836,C0242,P005,2025-08-29,3,651.12,0.0433,Web
O01837,C0097,P004,2025-08-26,5,1450.6,0.0844,Partner
O01838,C0027,P013,2025-08-16,1,104.39,0.0979,Direct
O01839,C0083,P012,2025-08-03,4,193.79,0.0593,Web
O01840,C0111,P018,2025-08-08,2,75.74,0.0924,Partner
O01841,C0296,P020,2025-08-02,3,303.23,0.0717,Web
O01842,C0202,P015,2025-08-17,3,77.82,0.1103,Web
O01843,C0036,P014,2025-08-22,1,132.97,0.0025,Web
O01844,C0193,P012,2025-08-21,3,177.71,0.0168,Direct
O01845,C0018,P014,2025-08-21,4,153.6,0.1144,Partner
O01846,C0023,P014,2025-08-04,4,158.51,0.1385,Partner
O01847,C0215,P002,2025-08-15,3,919.08,0.0819,Web
O01848,C0022,P015,2025-08-02,2,80.07,0.099,Web
O01849,C0243,P018,2025-08-31,2,71.51,0.0928,Web
O01850,C0216,P003,2025-08-29,1,1682.76,0.0592,Web
O01851,C0149,P006,2025-08-06,2,790.26,0.1557,Partner
O01852,C0063,P015,2025-08-13,5,78.85,0.1133,Direct
O01853,C0156,P012,2025-08-08,5,160.43,0.1132,Direct
O01854,C0191,P007,2025-08-02,2,587.09,0.0814,Partner
O01855,C0022,P013,2025-08-13,4,107.83,0.1826,Partner
O01856,C0223,P017,2025-08-22,1,244.87,0.1305,Partner
O01857,C0286,P014,2025-08-23,4,174.3,0.1124,Partner
O01858,C0194,P001,2025-08-18,5,1648.65,0.0733,Web
O01859,C0094,P015,2025-08-28,1,99.77,0.0121,Web
O01860,C0154,P010,2025-08-16,1,363.39,0.1441,Partner
O01861,C0256,P017,2025-08-14,1,285.2,0.1028,Web
O01862,C0132,P002,2025-08-29,4,1006.31,0.1305,Partner
O01863,C0228,P007,2025-08-09,5,514.8,0.0889,Direct
O01864,C0299,P019,2025-08-27,5,352.17,0.2153,Partner
O01865,C0280,P012,2025-08-08,3,146.04,0.0709,Web
O01866,C0126,P010,2025-08-18,3,340.19,0.2141,Partner
O01867,C0092,P004,2025-08-16,1,1556.98,0.2008,Partner
O01868,C0049,P010,2025-08-06,1,435.48,0.007,Web
O01869,C0168,P009,2025-08-10,3,195.68,0.1014,Partner
O01870,C0020,P004,2025-08-31,2,1289.31,0.0368,Web
O01871,C0039,P016,2025-08-18,5,150.26,0.0735,Direct
O01872,C0126,P018,2025-08-25,3,59.08,0.1483,Partner
O01873,C0084,P003,2025-08-27,5,1345.19,0.0876,Direct
O01874,C0149,P009,2025-08-19,2,221.1,0.1136,Partner
O01875,C0079,P013,2025-08-25,5,113.1,0.1327,Partner
O01876,C0056,P003,2025-08-19,4,1353.94,0.1053,Partner
O01877,C0187,P014,2025-08-31,3,144.91,0.0691,Web
O01878,C0241,P017,2025-08-21,2,305.04,0.1006,Direct
O01879,C0042,P020,2025-08-28,5,282.87,0.0828,Partner
O01880,C0136,P016,2025-08-17,1,117.68,0.0294,Direct
O01881,C0266,P002,2025-08-02,4,970.19,0.0543,Web
O01882,C0079,P014,2025-08-22,2,129.9,0.0449,Direct
O01883,C0223,P015,2025-08-13,3,96.33,0.0129,Direct
O01884,C0197,P015,2025-08-26,2,78.8,0.062,Web
O01885,C0198,P006,2025-08-19,3,768.54,0.0257,Web
O01886,C0070,P019,2025-08-08,4,332.14,0.0042,Direct
O01887,C0014,P006,2025-08-30,4,616.52,0.0344,Web
O01888,C0126,P002,2025-08-19,3,1107.96,0.0878,Web
O01889,C0072,P018,2025-08-11,4,60.38,0.0529,Direct
O01890,C0098,P009,2025-08-20,4,170.97,0.2154,Partner
O01891,C0055,P001,2025-08-24,1,1444.79,0.2038,Partner
O01892,C0274,P012,2025-08-14,4,161.52,0.0865,Partner
O01893,C0274,P011,2025-08-06,3,76.57,0.1912,Partner
O01894,C0212,P015,2025-08-27,1,73.73,0.0204,Web
O01895,C0145,P018,2025-08-29,5,73.09,0.0255,Direct
O01896,C0193,P006,2025-08-18,3,816.63,0.0468,Web
O01897,C0119,P002,2025-08-24,2,1111.36,0.1305,Partner
O01898,C0033,P003,2025-08-21,5,1669.52,0.0622,Web
O01899,C0154,P005,2025-08-22,3,492.48,0.1111,Direct
O01900,C0132,P001,2025-08-25,2,1328.5,0.111,Web
O01901,C0014,P017,2025-08-12,4,247.12,0.0243,Direct
O01902,C0248,P018,2025-08-06,3,67.38,0.0285,Direct
O01903,C0038,P014,2025-08-08,2,136.95,0.1039,Direct
O01904,C0232,P002,2025-08-29,1,1068.46,0.1505,Partner
O01905,C0004,P019,2025-08-30,3,421.4,0.0787,Direct
O01906,C0207,P019,2025-08-07,1,342.44,0.1798,Partner
O01907,C0155,P013,2025-08-16,4,123.16,0.0945,Web
O01908,C0258,P004,2025-08-20,3,1572.39,0.0303,Web
O01909,C0104,P008,2025-08-25,3,597.36,0.013,Direct
O01910,C0066,P012,2025-08-19,3,142.21,0.0934,Partner
O01911,C0293,P014,2025-08-24,1,165.53,0.1512,Partner
O01912,C0203,P011,2025-08-07,1,85.78,0.035,Web
O01913,C0089,P007,2025-08-25,4,640.71,0.2064,Partner
O01914,C0236,P013,2025-08-10,3,102.47,0.0983,Web
O01915,C0076,P014,2025-08-11,3,125.85,0.1193,Web
O01916,C0150,P015,2025-08-15,4,95.36,0.0988,Partner
O01917,C0138,P008,2025-08-04,3,605.07,0.0172,Web
O01918,C0006,P001,2025-08-12,1,1554.82,0.1052,Partner
O01919,C0163,P015,2025-08-21,1,102.41,0.1271,Partner
O01920,C0035,P015,2025-08-27,2,76.57,0.0151,Direct
O01921,C0088,P001,2025-08-24,5,1543.86,0.0729,Direct
O01922,C0249,P017,2025-08-11,4,254.77,0.1208,Partner
O01923,C0109,P009,2025-08-01,1,191.08,0.0536,Direct
O01924,C0053,P009,2025-08-15,2,215.48,0.0853,Web
O01925,C0065,P002,2025-08-07,2,923.34,0.1354,Partner
O01926,C0059,P008,2025-08-23,3,617.11,0.0861,Partner
O01927,C0052,P019,2025-08-16,1,397.31,0.1909,Partner
O01928,C0216,P005,2025-08-09,5,540.94,0.1196,Web
O01929,C0069,P004,2025-08-07,5,1234.64,0.1055,Web
O01930,C0175,P016,2025-08-23,5,119.24,0.1199,Direct
O01931,C0284,P019,2025-08-30,4,383.08,0.1551,Partner
O01932,C0154,P014,2025-08-21,2,142.32,0.0566,Web
O01933,C0192,P010,2025-08-20,5,431.39,0.0802,Partner
O01934,C0206,P010,2025-08-27,5,359.73,0.0017,Web
O01935,C0122,P016,2025-08-30,5,154.55,0.0581,Direct
O01936,C0021,P013,2025-08-29,4,117.06,0.2144,Partner
O01937,C0071,P003,2025-08-12,3,1827.55,0.0374,Direct
O01938,C0054,P016,2025-08-18,2,122.18,0.1805,Partner
O01939,C0213,P012,2025-08-05,2,147.33,0.214,Partner
O01940,C0242,P015,2025-08-26,5,78.25,0.0596,Direct
O01941,C0200,P003,2025-08-10,1,1680.97,0.1042,Web
O01942,C0011,P020,2025-08-05,5,274.01,0.117,Direct
O01943,C0231,P019,2025-08-24,5,399.42,0.1198,Partner
O01944,C0286,P018,2025-08-12,2,67.85,0.0357,Web
O01945,C0103,P018,2025-08-05,1,69.33,0.1131,Direct
O01946,C0139,P008,2025-08-03,1,558.72,0.0109,Direct
O01947,C0039,P005,2025-08-21,2,483.07,0.114,Web
O01948,C0120,P018,2025-08-04,4,70.46,0.1014,Web
O01949,C0170,P006,2025-08-30,4,779.05,0.0435,Web
O01950,C0003,P017,2025-08-10,4,237.06,0.0622,Web
O01951,C0277,P001,2025-08-01,1,1453.51,0.0811,Web
O01952,C0270,P002,2025-08-11,1,990.83,0.0408,Direct
O01953,C0150,P017,2025-08-01,2,291.58,0.0176,Direct
O01954,C0118,P012,2025-08-04,1,193.29,0.1087,Direct
O01955,C0247,P019,2025-08-26,1,380.66,0.0381,Web
O01956,C0062,P006,2025-08-22,4,633.97,0.1825,Partner
O01957,C0085,P014,2025-08-09,5,156.26,0.0255,Direct
O01958,C0014,P003,2025-08-18,4,1527.7,0.0292,Web
O01959,C0070,P020,2025-08-25,1,281.25,0.146,Partner
O01960,C0277,P003,2025-08-22,3,1678.23,0.0971,Web
O01961,C0196,P016,2025-08-04,3,136.51,0.0842,Web
O01962,C0157,P006,2025-08-09,5,699.99,0.0011,Direct
O01963,C0130,P001,2025-08-02,3,1596.5,0.0675,Web
O01964,C0001,P002,2025-08-22,1,1147.74,0.1805,Partner
O01965,C0199,P015,2025-08-19,4,94.76,0.1833,Partner
O01966,C0020,P009,2025-08-17,3,218.29,0.0402,Web
O01967,C0087,P017,2025-08-16,2,298.44,0.1048,Partner
O01968,C0125,P008,2025-08-01,2,560.98,0.0405,Direct
O01969,C0100,P017,2025-08-20,1,259.63,0.0853,Partner
O01970,C0237,P020,2025-08-29,4,282.36,0.1768,Partner
O01971,C0097,P018,2025-08-18,3,67.91,0.1097,Web
O01972,C0291,P002,2025-08-08,1,973.28,0.1394,Partner
O01973,C0146,P008,2025-08-08,4,558.47,0.0836,Direct
O01974,C0182,P009,2025-08-06,3,176.25,0.1842,Partner
O01975,C0145,P002,2025-08-25,5,1102.01,0.1982,Partner
O01976,C0288,P006,2025-08-06,2,830.23,0.107,Direct
O01977,C0154,P004,2025-08-27,2,1509.32,0.1015,Web
O01978,C0019,P014,2025-08-23,3,146.93,0.07,Direct
O01979,C0297,P007,2025-08-12,3,621.69,0.0659,Web
O01980,C0182,P012,2025-08-04,3,179.28,0.0985,Partner
O01981,C0009,P011,2025-08-03,3,88.86,0.0855,Direct
O01982,C0109,P012,2025-08-31,2,163.29,0.193,Partner
O01983,C0161,P006,2025-08-23,3,665.6,0.0804,Partner
O01984,C0062,P009,2025-08-28,1,193.21,0.1014,Web
O01985,C0169,P001,2025-08-21,1,1709.74,0.0725,Direct
O01986,C0098,P015,2025-08-24,3,102.15,0.0825,Partner
O01987,C0287,P009,2025-08-21,5,203.71,0.1591,Partner
O01988,C0249,P007,2025-08-16,2,611.55,0.0891,Direct
O01989,C0145,P015,2025-08-28,3,92.85,0.1744,Partner
O01990,C0247,P012,2025-08-06,5,177.96,0.0908,Partner
O01991,C0070,P017,2025-08-20,3,269.43,0.1185,Direct
O01992,C0007,P004,2025-08-08,1,1496.23,0.0931,Web
O01993,C0172,P007,2025-08-16,3,502.59,0.1755,Partner
O01994,C0008,P017,2025-08-24,3,252.38,0.0762,Direct
O01995,C0181,P005,2025-08-19,1,612.39,0.2107,Partner
O01996,C0172,P014,2025-08-14,3,128.35,0.0476,Direct
O01997,C0270,P017,2025-08-31,5,238.41,0.0607,Direct
O01998,C0068,P006,2025-08-25,1,776.72,0.0777,Direct
O01999,C0084,P011,2025-08-10,1,66.79,0.1526,Partner
O02000,C0291,P011,2025-08-03,4,63.94,0.087,Web
O02001,C0055,P006,2025-08-14,3,676.86,0.074,Web
O02002,C0035,P017,2025-08-14,3,279.57,0.0005,Direct
O02003,C0188,P007,2025-08-07,3,559.1,0.1196,Web
O02004,C0275,P019,2025-08-14,5,355.35,0.0457,Web
O02005,C0297,P014,2025-08-29,3,127.43,0.1987,Partner
O02006,C0015,P007,2025-08-15,3,678.51,0.0948,Web
O02007,C0064,P009,2025-08-29,4,202.53,0.0209,Direct
O02008,C0188,P020,2025-08-21,4,252.31,0.0846,Direct
O02009,C0079,P018,2025-08-22,2,63.75,0.0562,Web
O02010,C0075,P013,2025-08-24,1,134.78,0.0477,Web
O02011,C0020,P011,2025-08-06,3,68.49,0.1075,Direct
O02012,C0016,P017,2025-08-21,5,248.17,0.1689,Partner
O02013,C0040,P002,2025-08-22,5,1089.87,0.0304,Web
O02014,C0287,P010,2025-08-28,5,453.37,0.0413,Direct
O02015,C0208,P014,2025-08-29,4,144.01,0.0063,Direct
O02016,C0186,P016,2025-08-24,3,140.85,0.0102,Web
O02017,C0007,P017,2025-08-03,3,295.02,0.0195,Web
O02018,C0276,P005,2025-08-02,4,606.66,0.0713,Direct
O02019,C0287,P019,2025-08-10,4,319.25,0.0576,Direct
O02020,C0134,P020,2025-08-21,5,261.66,0.1513,Partner
O02021,C0208,P002,2025-08-30,2,1117.92,0.102,Partner
O02022,C0206,P016,2025-08-17,1,157.89,0.111,Direct
O02023,C0146,P005,2025-08-10,4,527.73,0.198,Partner
O02024,C0123,P012,2025-08-17,3,191.68,0.0257,Direct
O02025,C0280,P001,2025-08-18,4,1703.95,0.0473,Web
O02026,C0241,P018,2025-08-11,3,71.28,0.0971,Web
O02027,C0062,P014,2025-08-30,3,134.39,0.0998,Web
O02028,C0282,P013,2025-08-16,3,118.15,0.0481,Web
O02029,C0245,P015,2025-08-23,4,85.85,0.0314,Direct
O02030,C0232,P010,2025-08-16,3,399.61,0.0517,Web
O02031,C0205,P013,2025-08-19,5,106.65,0.0688,Web
O02032,C0242,P013,2025-08-14,5,133.46,0.0546,Web
O02033,C0073,P011,2025-08-14,1,86.29,0.0877,Web
O02034,C0263,P017,2025-08-14,5,235.34,0.1323,Partner
O02035,C0282,P020,2025-08-06,4,271.19,0.1072,Partner
O02036,C0045,P013,2025-08-12,1,113.24,0.1748,Partner
O02037,C0290,P016,2025-08-17,3,134.32,0.2071,Partner
O02038,C0153,P015,2025-08-08,4,75.35,0.1026,Direct
O02039,C0183,P005,2025-08-02,2,671.39,0.1688,Partner
O02040,C0022,P020,2025-08-28,1,305.62,0.0371,Direct
O02041,C0209,P017,2025-08-06,4,312.48,0.1692,Partner
O02042,C0154,P017,2025-08-09,2,245.47,0.087,Web
O02043,C0137,P017,2025-08-27,1,254.84,0.0322,Direct
O02044,C0228,P011,2025-08-15,1,66.84,0.1783,Partner
O02045,C0298,P016,2025-08-28,2,142.65,0.0354,Direct
O02046,C0058,P003,2025-08-07,4,1767.66,0.0351,Web
O02047,C0227,P020,2025-08-19,3,299.36,0.09,Web
O02048,C0133,P011,2025-08-26,3,84.16,0.1018,Web
O02049,C0209,P012,2025-08-10,5,188.8,0.0577,Web
O02050,C0263,P012,2025-08-03,1,152.49,0.1887,Partner
O02051,C0035,P011,2025-08-01,4,85.79,0.1017,Web
O02052,C0127,P004,2025-08-21,2,1243.62,0.1586,Partner
O02053,C0295,P012,2025-08-27,4,177.85,0.0996,Direct
O02054,C0154,P005,2025-08-20,2,537.85,0.0609,Direct
O02055,C0230,P001,2025-08-23,3,1332.12,0.0335,Direct
O02056,C0054,P020,2025-08-31,4,322.87,0.0734,Web
O02057,C0232,P019,2025-08-30,3,321.3,0.0851,Direct
O02058,C0081,P011,2025-08-12,2,73.4,0.181,Partner
O02059,C0119,P019,2025-08-27,4,320.33,0.1946,Partner
O02060,C0159,P011,2025-08-26,2,74.27,0.1023,Partner
O02061,C0099,P007,2025-08-16,4,535.35,0.1703,Partner
O02062,C0253,P011,2025-08-29,4,86.35,0.0222,Direct
O02063,C0205,P006,2025-08-18,5,767.88,0.1212,Partner
O02064,C0133,P017,2025-08-25,1,227.67,0.0363,Web
O02065,C0132,P013,2025-08-04,1,114.59,0.204,Partner
O02066,C0223,P011,2025-08-15,5,79.28,0.0311,Direct
O02067,C0079,P020,2025-08-03,5,324.67,0.0165,Direct
O02068,C0056,P019,2025-08-26,2,383.11,0.1163,Web
O02069,C0047,P012,2025-08-13,1,157.08,0.2116,Partner
O02070,C0032,P007,2025-08-19,1,511.86,0.157,Partner
O02071,C0177,P008,2025-08-21,2,559.67,0.1123,Direct
O02072,C0177,P008,2025-08-22,1,533.49,0.0086,Direct
O02073,C0223,P016,2025-08-31,2,130.4,0.1149,Web
O02074,C0060,P010,2025-08-09,4,423.79,0.0829,Web
O02075,C0161,P013,2025-08-05,3,131.77,0.0859,Partner
O02076,C0205,P008,2025-08-03,1,583.44,0.0854,Web
O02077,C0038,P015,2025-08-24,4,92.15,0.0293,Web
O02078,C0069,P019,2025-08-22,4,323.76,0.1919,Partner
O02079,C0156,P011,2025-08-17,3,78.89,0.0869,Web
O02080,C0086,P014,2025-08-22,1,159.53,0.149,Partner
O02081,C0122,P016,2025-08-23,2,123.69,0.1564,Partner
O02082,C0011,P002,2025-08-22,2,1206.9,0.0546,Web
O02083,C0047,P017,2025-08-02,2,314.15,0.0676,Direct
O02084,C0153,P008,2025-08-25,1,534.39,0.1028,Web
O02085,C0230,P018,2025-08-24,5,64.46,0.0625,Direct
O02086,C0118,P002,2025-08-10,4,952.8,0.2018,Partner
O02087,C0143,P015,2025-08-14,5,82.27,0.1866,Partner
O02088,C0033,P005,2025-08-10,3,558.48,0.0572,Web
O02089,C0078,P002,2025-08-30,4,876.96,0.1933,Partner
O02090,C0213,P013,2025-08-21,2,127.4,0.2104,Partner
O02091,C0291,P010,2025-08-08,4,444.49,0.0001,Direct
O02092,C0196,P015,2025-08-12,3,82.16,0.0219,Direct
O02093,C0170,P019,2025-08-21,5,362.44,0.0309,Web
O02094,C0216,P011,2025-08-13,5,66.63,0.1899,Partner
O02095,C0186,P009,2025-08-31,5,211.4,0.1115,Web
O02096,C0140,P019,2025-08-30,2,438.58,0.0983,Direct
O02097,C0143,P006,2025-08-17,2,841.97,0.0436,Web
O02098,C0277,P020,2025-08-30,1,306.35,0.1489,Partner
O02099,C0297,P006,2025-08-25,1,848.06,0.1765,Partner
O02100,C0042,P012,2025-08-30,3,173.67,0.0486,Direct
O02101,C0168,P018,2025-08-14,5,68.49,0.1651,Partner
O02102,C0140,P006,2025-08-17,3,753.8,0.0405,Web
O02103,C0086,P005,2025-08-11,1,617.82,0.111,Partner
O02104,C0300,P007,2025-08-28,2,621.34,0.0858,Web
O02105,C0171,P006,2025-08-04,5,814.95,0.042,Direct
O02106,C0166,P019,2025-08-25,1,322.02,0.2031,Partner
O02107,C0292,P016,2025-08-25,1,151.06,0.0777,Direct
O02108,C0266,P013,2025-08-27,3,128.12,0.0346,Direct
O02109,C0293,P013,2025-08-27,3,117.35,0.0991,Partner
O02110,C0134,P019,2025-08-30,4,414.11,0.1139,Partner
O02111,C0214,P001,2025-08-08,5,1491.66,0.2111,Partner
O02112,C0083,P020,2025-08-17,5,337.24,0.1093,Direct
O02113,C0159,P011,2025-08-10,3,85.02,0.1158,Web
O02114,C0221,P007,2025-08-19,5,660.43,0.1064,Web
O02115,C0138,P009,2025-08-08,2,176.19,0.1311,Partner
O02116,C0130,P008,2025-08-23,5,556.9,0.1159,Partner
O02117,C0282,P003,2025-08-18,3,1650.28,0.0276,Web
O02118,C0071,P009,2025-08-28,2,196.14,0.0501,Web
O02119,C0121,P020,2025-08-20,1,338.11,0.0393,Direct
O02120,C0100,P003,2025-08-17,5,1463.15,0.1854,Partner
O02121,C0197,P015,2025-08-28,1,94.3,0.1236,Partner
O02122,C0219,P013,2025-08-27,3,124.85,0.1574,Partner
O02123,C0076,P015,2025-08-10,2,74.74,0.1942,Partner
O02124,C0201,P005,2025-08-14,5,646.22,0.0113,Web
O02125,C0200,P013,2025-08-08,5,108.02,0.192,Partner
O02126,C0133,P009,2025-08-12,1,202.05,0.0128,Direct
O02127,C0132,P014,2025-08-02,3,133.96,0.0436,Web
O02128,C0200,P019,2025-08-18,1,402.54,0.0093,Direct
O02129,C0288,P008,2025-08-31,2,558.39,0.0102,Web
O02130,C0076,P007,2025-08-06,3,694.42,0.1893,Partner
O02131,C0281,P018,2025-08-24,5,70.35,0.0205,Direct
O02132,C0093,P015,2025-08-01,1,77.65,0.0819,Web
O02133,C0038,P002,2025-08-11,1,1108.74,0.0167,Web
O02134,C0073,P016,2025-08-07,5,115.8,0.1087,Web
O02135,C0264,P006,2025-08-10,2,658.37,0.0863,Web
O02136,C0281,P017,2025-08-19,5,225.48,0.106,Web
O02137,C0218,P017,2025-08-28,1,288.35,0.0966,Direct
O02138,C0176,P012,2025-08-14,4,179.18,0.2089,Partner
O02139,C0181,P006,2025-08-17,1,763.81,0.201,Partner
O02140,C0124,P019,2025-08-16,2,344.79,0.0424,Web
O02141,C0127,P004,2025-08-05,4,1434.19,0.1707,Partner
O02142,C0006,P005,2025-08-06,3,499.79,0.0883,Direct
O02143,C0038,P014,2025-08-01,1,131.57,0.1028,Partner
O02144,C0194,P017,2025-08-04,5,280.05,0.0929,Direct
O02145,C0099,P003,2025-08-30,1,1390.03,0.1065,Web
O02146,C0160,P016,2025-08-12,3,143.84,0.0092,Direct
O02147,C0148,P003,2025-08-07,2,1498.26,0.0861,Direct
O02148,C0224,P002,2025-08-31,2,887.65,0.1956,Partner
O02149,C0222,P013,2025-08-21,3,131.64,0.1836,Partner
O02150,C0238,P003,2025-08-16,3,1686.93,0.0986,Web
O02151,C0143,P007,2025-08-18,3,549.6,0.154,Partner
O02152,C0234,P007,2025-08-07,4,594.36,0.0061,Direct
O02153,C0073,P009,2025-08-22,3,185.29,0.0673,Web
O02154,C0166,P007,2025-08-02,4,526.91,0.1586,Partner
O02155,C0205,P002,2025-08-05,1,979.62,0.0384,Direct
O02156,C0066,P002,2025-08-11,5,915.46,0.0977,Partner
O02157,C0127,P008,2025-08-22,1,636.62,0.1502,Partner
O02158,C0260,P007,2025-08-30,2,685.76,0.0521,Web
O02159,C0073,P017,2025-08-31,2,239.37,0.0662,Web
O02160,C0256,P016,2025-08-28,4,147.75,0.0771,Direct
O02161,C0154,P020,2025-08-08,5,335.81,0.093,Direct
O02162,C0081,P018,2025-08-01,3,64.41,0.0484,Direct
O02163,C0177,P012,2025-08-05,1,145.79,0.0267,Direct
O02164,C0005,P015,2025-08-08,5,83.8,0.0402,Direct
O02165,C0157,P018,2025-08-16,1,67.08,0.083,Direct
O02166,C0249,P020,2025-08-19,5,346.6,0.0496,Web
O02167,C0129,P003,2025-08-16,1,1472.07,0.0574,Direct
O02168,C0070,P013,2025-08-06,2,114.22,0.0235,Direct
O02169,C0208,P012,2025-08-10,4,143.13,0.051,Web
O02170,C0017,P010,2025-08-02,5,356.19,0.1448,Partner
O02171,C0051,P012,2025-08-28,5,151.14,0.0129,Direct
O02172,C0142,P018,2025-08-10,1,73.86,0.2093,Partner
O02173,C0055,P017,2025-08-23,4,297.73,0.0205,Direct
O02174,C0040,P020,2025-08-02,5,257.25,0.1078,Direct
O02175,C0096,P013,2025-08-15,2,127.26,0.0231,Web
O02176,C0164,P008,2025-08-08,4,541.44,0.0847,Direct
O02177,C0054,P008,2025-08-26,2,605.87,0.1784,Partner
O02178,C0262,P015,2025-08-26,5,94.53,0.0178,Direct
O02179,C0294,P017,2025-08-30,3,239.52,0.1042,Partner
O02180,C0129,P015,2025-08-12,3,88.55,0.0226,Direct
O02181,C0050,P003,2025-08-08,5,1638.82,0.1137,Web
O02182,C0230,P012,2025-08-26,4,192.65,0.181,Partner
O02183,C0033,P014,2025-08-10,1,129.51,0.177,Partner
O02184,C0051,P003,2025-08-28,4,1411.84,0.0849,Partner
O02185,C0215,P018,2025-08-14,3,71.79,0.0404,Web
O02186,C0227,P018,2025-08-10,2,65.5,0.0321,Web
O02187,C0016,P007,2025-08-14,1,657.16,0.0307,Direct
O02188,C0166,P018,2025-08-30,4,67.71,0.0924,Partner
O02189,C0225,P001,2025-08-21,2,1272.23,0.2057,Partner
O02190,C0151,P010,2025-08-21,5,375.44,0.1048,Web
O02191,C0219,P010,2025-08-10,2,446.25,0.186,Partner
O02192,C0107,P002,2025-08-03,1,887.47,0.0029,Direct
O02193,C0049,P018,2025-08-15,4,79.01,0.1673,Partner
O02194,C0039,P015,2025-08-09,4,88.74,0.1146,Direct
O02195,C0262,P007,2025-08-25,4,520.4,0.0032,Web
O02196,C0054,P015,2025-08-12,5,73.94,0.1186,Web
O02197,C0164,P009,2025-08-25,3,202.05,0.1458,Partner
O02198,C0267,P008,2025-08-16,2,513.43,0.1032,Direct
O02199,C0097,P007,2025-08-30,5,616.39,0.0148,Web
O02200,C0110,P020,2025-08-14,3,273.76,0.0684,Web
O02201,C0126,P002,2025-08-01,5,874.19,0.2058,Partner
O02202,C0023,P015,2025-08-24,5,91.18,0.1609,Partner
O02203,C0016,P002,2025-08-17,4,905.42,0.1139,Partner
O02204,C0053,P017,2025-08-26,4,300.36,0.0059,Direct
O02205,C0133,P018,2025-08-21,2,75.47,0.0707,Direct
O02206,C0087,P014,2025-08-05,2,168.85,0.0692,Direct
O02207,C0035,P015,2025-08-09,3,79.47,0.1153,Direct
O02208,C0179,P018,2025-08-17,5,69.46,0.1065,Partner
O02209,C0049,P010,2025-08-24,3,435.14,0.1419,Partner
O02210,C0250,P020,2025-08-10,4,341.13,0.0967,Direct
O02211,C0021,P008,2025-08-09,2,648.94,0.1577,Partner
O02212,C0229,P008,2025-08-12,5,690.21,0.1167,Direct
O02213,C0232,P006,2025-08-08,1,663.43,0.1392,Partner
O02214,C0271,P014,2025-08-13,4,139.38,0.0457,Web
O02215,C0147,P015,2025-08-29,1,98.42,0.0979,Partner
O02216,C0298,P006,2025-08-04,4,768.53,0.0472,Web
O02217,C0028,P001,2025-08-26,1,1506.17,0.0277,Direct
O02218,C0258,P005,2025-08-11,5,509.15,0.1201,Partner
O02219,C0076,P017,2025-08-01,2,269.21,0.0809,Direct
O02220,C0096,P006,2025-08-31,5,690.6,0.1739,Partner
O02221,C0202,P012,2025-08-23,2,147.84,0.0584,Web
O02222,C0232,P015,2025-08-29,2,102.01,0.0873,Direct
O02223,C0023,P010,2025-08-12,4,415.88,0.0218,Web
O02224,C0109,P008,2025-08-26,3,599.22,0.0633,Direct
O02225,C0171,P013,2025-08-16,2,125.26,0.1268,Partner
O02226,C0046,P020,2025-08-24,5,292.53,0.0362,Direct
O02227,C0122,P015,2025-08-11,4,94.11,0.2045,Partner
O02228,C0200,P010,2025-08-20,1,400.35,0.0932,Direct
O02229,C0002,P006,2025-08-26,2,843.71,0.0608,Direct
O02230,C0126,P010,2025-08-27,1,465.96,0.1013,Direct
O02231,C0253,P006,2025-08-21,2,758.16,0.0787,Direct
O02232,C0223,P006,2025-08-09,4,687.33,0.1015,Web
O02233,C0219,P012,2025-08-20,5,185.42,0.0468,Direct
O02234,C0066,P011,2025-08-04,1,74.33,0.1529,Partner
O02235,C0024,P011,2025-08-31,4,79.08,0.0876,Partner
O02236,C0110,P018,2025-08-27,5,66.35,0.0863,Web
O02237,C0175,P020,2025-08-08,1,305.63,0.0711,Web
O02238,C0015,P002,2025-08-15,4,1109.37,0.084,Web
O02239,C0059,P018,2025-08-07,2,81.81,0.0965,Partner
O02240,C0274,P017,2025-08-26,1,257.15,0.1799,Partner
O02241,C0175,P010,2025-08-07,5,375.54,0.1378,Partner
O02242,C0092,P005,2025-08-10,3,627.03,0.2004,Partner
O02243,C0036,P014,2025-08-12,3,159.23,0.1739,Partner
O02244,C0109,P008,2025-08-19,2,600.75,0.1463,Partner
O02245,C0021,P005,2025-08-01,5,494.09,0.0708,Web
O02246,C0005,P006,2025-08-12,4,736.31,0.1278,Partner
O02247,C0195,P006,2025-08-23,1,612.58,0.0415,Direct
O02248,C0286,P002,2025-08-17,1,1069.52,0.0839,Direct
O02249,C0192,P001,2025-08-05,4,1406.34,0.0927,Web
O02250,C0214,P014,2025-08-21,5,134.47,0.0803,Web
